Feature ID	Taxon
ext_mOTU_v31_15328	k__Bacteria; p__Firmicutes; c__Clostridia; o__Clostridiales; f__Lachnospiraceae; g__Blautia; m__ext_mOTU_v31_15328
ext_mOTU_v31_15405	k__Bacteria; p__Firmicutes; c__Clostridia; o__Clostridiales; f__Lachnospiraceae; g__Blautia; m__ext_mOTU_v31_15405
ext_mOTU_v31_16202	k__Bacteria; p__Actinobacteria; c__Coriobacteriia; o__Coriobacteriales; f__Coriobacteriaceae; g__Collinsella; m__ext_mOTU_v31_16202
ext_mOTU_v31_16237	k__Bacteria; p__Firmicutes; c__Clostridia; o__Clostridiales; f__; g__; m__ext_mOTU_v31_16237
ext_mOTU_v31_16242	k__Bacteria; p__Firmicutes; c__Clostridia; o__Clostridiales; f__; g__; m__ext_mOTU_v31_16242
ext_mOTU_v31_16253	k__Bacteria; p__Firmicutes; c__Clostridia; o__Clostridiales; f__; g__; m__ext_mOTU_v31_16253
ext_mOTU_v31_16259	k__Bacteria; p__Firmicutes; c__Clostridia; o__Clostridiales; f__Ruminococcaceae; g__; m__ext_mOTU_v31_16259
ext_mOTU_v31_16278	k__Bacteria; p__Firmicutes; c__Clostridia; o__Clostridiales; f__Ruminococcaceae; g__; m__ext_mOTU_v31_16278
ext_mOTU_v31_16279	k__Bacteria; p__Firmicutes; c__Clostridia; o__Clostridiales; f__Ruminococcaceae; g__; m__ext_mOTU_v31_16279
ext_mOTU_v31_16294	k__Bacteria; p__Firmicutes; c__Clostridia; o__Clostridiales; f__Clostridiaceae; g__Clostridium; m__ext_mOTU_v31_16294
ext_mOTU_v31_16302	k__Bacteria; p__Firmicutes; c__Clostridia; o__Clostridiales; f__Eubacteriaceae; g__Eubacterium; m__ext_mOTU_v31_16302
ext_mOTU_v31_16303	k__Bacteria; p__Firmicutes; c__Clostridia; o__Clostridiales; f__Eubacteriaceae; g__Eubacterium; m__ext_mOTU_v31_16303
ext_mOTU_v31_16330	k__Bacteria; p__Firmicutes; c__Clostridia; o__Clostridiales; f__Ruminococcaceae; g__; m__ext_mOTU_v31_16330
ext_mOTU_v31_16331	k__Bacteria; p__Firmicutes; c__Clostridia; o__Clostridiales; f__Ruminococcaceae; g__; m__ext_mOTU_v31_16331
ext_mOTU_v31_16347	k__Bacteria; p__Firmicutes; c__Clostridia; o__Clostridiales; f__; g__; m__ext_mOTU_v31_16347
ext_mOTU_v31_16401	k__Bacteria; p__Firmicutes; c__Clostridia; o__Clostridiales; f__Lachnospiraceae; g__; m__ext_mOTU_v31_16401
ext_mOTU_v31_16412	k__Bacteria; p__Firmicutes; c__Clostridia; o__Clostridiales; f__Oscillospiraceae; g__Oscillibacter; m__ext_mOTU_v31_16412
ext_mOTU_v31_16446	k__Bacteria; p__Firmicutes; c__Clostridia; o__Clostridiales; f__Ruminococcaceae; g__Flavonifractor; m__ext_mOTU_v31_16446
ext_mOTU_v31_16495	k__Bacteria; p__Proteobacteria; c__Deltaproteobacteria; o__Desulfovibrionales; f__Desulfovibrionaceae; g__Desulfovibrio; m__ext_mOTU_v31_16495
ext_mOTU_v31_16503	k__Bacteria; p__Firmicutes; c__Clostridia; o__Clostridiales; f__Clostridiaceae; g__Clostridium; m__ext_mOTU_v31_16503
ext_mOTU_v31_16533	k__Bacteria; p__Firmicutes; c__Clostridia; o__Clostridiales; f__Ruminococcaceae; g__; m__ext_mOTU_v31_16533
ext_mOTU_v31_17396	k__Bacteria; p__Firmicutes; c__Clostridia; o__Clostridiales; f__Ruminococcaceae; g__Flavonifractor; m__ext_mOTU_v31_17396
ext_mOTU_v31_17400	k__Bacteria; p__Firmicutes; c__Clostridia; o__Clostridiales; f__Lachnospiraceae; g__; m__ext_mOTU_v31_17400
ext_mOTU_v31_17451	k__Bacteria; p__Firmicutes; c__Clostridia; o__Clostridiales; f__Lachnospiraceae; g__Roseburia; m__ext_mOTU_v31_17451
ext_mOTU_v31_17476	k__Bacteria; p__Firmicutes; c__Clostridia; o__Clostridiales; f__Lachnospiraceae; g__Roseburia; m__ext_mOTU_v31_17476
ext_mOTU_v31_17496	k__Bacteria; p__Firmicutes; c__Clostridia; o__Clostridiales; f__Ruminococcaceae; g__; m__ext_mOTU_v31_17496
ext_mOTU_v31_17541	k__Bacteria; p__Firmicutes; c__Clostridia; o__Clostridiales; f__; g__; m__ext_mOTU_v31_17541
ext_mOTU_v31_17583	k__Bacteria; p__Firmicutes; c__Clostridia; o__Clostridiales; f__Ruminococcaceae; g__; m__ext_mOTU_v31_17583
ext_mOTU_v31_17712	k__Bacteria; p__Bacteroidetes; c__Bacteroidia; o__Bacteroidales; f__Bacteroidaceae; g__Bacteroides; m__ext_mOTU_v31_17712
ext_mOTU_v31_17713	k__Bacteria; p__Bacteroidetes; c__Bacteroidia; o__Bacteroidales; f__Bacteroidaceae; g__Bacteroides; m__ext_mOTU_v31_17713
ext_mOTU_v31_17714	k__Bacteria; p__Bacteroidetes; c__Bacteroidia; o__Bacteroidales; f__Bacteroidaceae; g__Bacteroides; m__ext_mOTU_v31_17714
ext_mOTU_v31_17729	k__Bacteria; p__Proteobacteria; c__Betaproteobacteria; o__Burkholderiales; f__Oxalobacteraceae; g__; m__ext_mOTU_v31_17729
ext_mOTU_v31_17786	k__Bacteria; p__Proteobacteria; c__Betaproteobacteria; o__Burkholderiales; f__Sutterellaceae; g__; m__ext_mOTU_v31_17786
ext_mOTU_v31_17787	k__Bacteria; p__Proteobacteria; c__Betaproteobacteria; o__Burkholderiales; f__Sutterellaceae; g__; m__ext_mOTU_v31_17787
ext_mOTU_v31_17824	k__Bacteria; p__Firmicutes; c__Tissierellia; o__Tissierellales; f__Peptoniphilaceae; g__Finegoldia; m__ext_mOTU_v31_17824
ext_mOTU_v31_17843	k__Bacteria; p__Firmicutes; c__Clostridia; o__Clostridiales; f__Lachnospiraceae; g__; m__ext_mOTU_v31_17843
ext_mOTU_v31_17861	k__Bacteria; p__Fusobacteria; c__Fusobacteriia; o__Fusobacteriales; f__Fusobacteriaceae; g__Fusobacterium; m__ext_mOTU_v31_17861
ext_mOTU_v31_17871	k__Bacteria; p__Firmicutes; c__Clostridia; o__Clostridiales; f__Oscillospiraceae; g__Oscillibacter; m__ext_mOTU_v31_17871
ext_mOTU_v31_17878	k__Bacteria; p__Bacteroidetes; c__Bacteroidia; o__Bacteroidales; f__Bacteroidaceae; g__Bacteroides; m__ext_mOTU_v31_17878
ext_mOTU_v31_17888	k__Bacteria; p__Bacteroidetes; c__Bacteroidia; o__Bacteroidales; f__Muribaculaceae; g__; m__ext_mOTU_v31_17888
ext_mOTU_v31_17914	k__Bacteria; p__Firmicutes; c__Negativicutes; o__Veillonellales; f__Veillonellaceae; g__Veillonella; m__ext_mOTU_v31_17914
ext_mOTU_v31_17915	k__Bacteria; p__Firmicutes; c__Negativicutes; o__Veillonellales; f__Veillonellaceae; g__Veillonella; m__ext_mOTU_v31_17915
ext_mOTU_v31_17946	k__Bacteria; p__Firmicutes; c__Clostridia; o__Clostridiales; f__; g__; m__ext_mOTU_v31_17946
ext_mOTU_v31_17985	k__Bacteria; p__Firmicutes; c__Clostridia; o__Clostridiales; f__Ruminococcaceae; g__; m__ext_mOTU_v31_17985
ext_mOTU_v31_18001	k__Bacteria; p__Firmicutes; c__Clostridia; o__Clostridiales; f__Clostridiaceae; g__Clostridium; m__ext_mOTU_v31_18001
ext_mOTU_v31_18008	k__Bacteria; p__Firmicutes; c__Clostridia; o__Clostridiales; f__; g__; m__ext_mOTU_v31_18008
ext_mOTU_v31_18028	k__Bacteria; p__Firmicutes; c__Clostridia; o__Clostridiales; f__Ruminococcaceae; g__; m__ext_mOTU_v31_18028
ext_mOTU_v31_18029	k__Bacteria; p__Firmicutes; c__Negativicutes; o__Veillonellales; f__Veillonellaceae; g__; m__ext_mOTU_v31_18029
ext_mOTU_v31_18031	k__Bacteria; p__Firmicutes; c__Clostridia; o__Clostridiales; f__Oscillospiraceae; g__Oscillibacter; m__ext_mOTU_v31_18031
ext_mOTU_v31_18046	k__Bacteria; p__Firmicutes; c__; o__; f__; g__; m__ext_mOTU_v31_18046
ext_mOTU_v31_18146	k__Bacteria; p__Firmicutes; c__Tissierellia; o__Tissierellales; f__Peptoniphilaceae; g__Anaerococcus; m__ext_mOTU_v31_18146
ext_mOTU_v31_18155	k__Bacteria; p__Bacteroidetes; c__Bacteroidia; o__Bacteroidales; f__Bacteroidaceae; g__Bacteroides; m__ext_mOTU_v31_18155
ext_mOTU_v31_18178	k__Bacteria; p__Firmicutes; c__Clostridia; o__Clostridiales; f__Ruminococcaceae; g__; m__ext_mOTU_v31_18178
ext_mOTU_v31_18233	k__Bacteria; p__Firmicutes; c__Clostridia; o__Clostridiales; f__Oscillospiraceae; g__Oscillibacter; m__ext_mOTU_v31_18233
ext_mOTU_v31_18249	k__Bacteria; p__Firmicutes; c__Clostridia; o__Clostridiales; f__Clostridiaceae; g__Clostridium; m__ext_mOTU_v31_18249
ext_mOTU_v31_18252	k__Bacteria; p__Bacteroidetes; c__Bacteroidia; o__Bacteroidales; f__Muribaculaceae; g__; m__ext_mOTU_v31_18252
ext_mOTU_v31_18397	k__Bacteria; p__Firmicutes; c__Clostridia; o__Clostridiales; f__Ruminococcaceae; g__; m__ext_mOTU_v31_18397
ext_mOTU_v31_19618	k__Bacteria; p__Firmicutes; c__Clostridia; o__Clostridiales; f__; g__; m__ext_mOTU_v31_19618
ext_mOTU_v31_25009	k__Bacteria; p__Firmicutes; c__Clostridia; o__Clostridiales; f__Lachnospiraceae; g__Blautia; m__ext_mOTU_v31_25009
ext_mOTU_v31_26761	k__Bacteria; p__Firmicutes; c__Clostridia; o__Clostridiales; f__Lachnospiraceae; g__Lachnoclostridium; m__ext_mOTU_v31_26761
ext_mOTU_v31_26815	k__Bacteria; p__Bacteroidetes; c__Bacteroidia; o__Bacteroidales; f__Tannerellaceae; g__Parabacteroides; m__ext_mOTU_v31_26815
ext_mOTU_v31_26824	k__Bacteria; p__Bacteroidetes; c__Bacteroidia; o__Bacteroidales; f__Rikenellaceae; g__Alistipes; m__ext_mOTU_v31_26824
ext_mOTU_v31_26918	k__Bacteria; p__Firmicutes; c__Clostridia; o__Clostridiales; f__Lachnospiraceae; g__; m__ext_mOTU_v31_26918
ext_mOTU_v31_26960	k__Bacteria; p__Bacteroidetes; c__Bacteroidia; o__Bacteroidales; f__Bacteroidaceae; g__Bacteroides; m__ext_mOTU_v31_26960
ext_mOTU_v31_27078	k__Bacteria; p__Firmicutes; c__Clostridia; o__Clostridiales; f__Lachnospiraceae; g__; m__ext_mOTU_v31_27078
ext_mOTU_v31_27106	k__Bacteria; p__Firmicutes; c__Clostridia; o__Clostridiales; f__; g__; m__ext_mOTU_v31_27106
ext_mOTU_v31_27183	k__Bacteria; p__Actinobacteria; c__Coriobacteriia; o__Coriobacteriales; f__Coriobacteriaceae; g__Collinsella; m__ext_mOTU_v31_27183
ext_mOTU_v31_27192	k__Bacteria; p__Bacteroidetes; c__Bacteroidia; o__Bacteroidales; f__Bacteroidaceae; g__Bacteroides; m__ext_mOTU_v31_27192
ext_mOTU_v31_27224	k__Bacteria; p__Firmicutes; c__Clostridia; o__Clostridiales; f__Ruminococcaceae; g__Ruminococcus; m__ext_mOTU_v31_27224
ext_mOTU_v31_27225	k__Bacteria; p__Firmicutes; c__Clostridia; o__Clostridiales; f__Ruminococcaceae; g__Ruminococcus; m__ext_mOTU_v31_27225
ext_mOTU_v31_27248	k__Bacteria; p__Firmicutes; c__Clostridia; o__Clostridiales; f__; g__; m__ext_mOTU_v31_27248
ext_mOTU_v31_27443	k__Bacteria; p__Bacteroidetes; c__Bacteroidia; o__Bacteroidales; f__Porphyromonadaceae; g__Porphyromonas; m__ext_mOTU_v31_27443
ext_mOTU_v31_29425	k__Bacteria; p__Firmicutes; c__Negativicutes; o__Veillonellales; f__Veillonellaceae; g__Veillonella; m__ext_mOTU_v31_29425
ext_mOTU_v31_33921	k__Bacteria; p__Firmicutes; c__Clostridia; o__Clostridiales; f__Ruminococcaceae; g__; m__ext_mOTU_v31_33921
ext_mOTU_v31_34556	k__Bacteria; p__Firmicutes; c__Clostridia; o__Clostridiales; f__; g__; m__ext_mOTU_v31_34556
meta_mOTU_v31_12227	k__Bacteria; p__Firmicutes; c__; o__; f__; g__; m__meta_mOTU_v31_12227
meta_mOTU_v31_12229	k__Bacteria; p__Firmicutes; c__Clostridia; o__Clostridiales; f__; g__; m__meta_mOTU_v31_12229
meta_mOTU_v31_12233	k__Bacteria; p__Firmicutes; c__Clostridia; o__Clostridiales; f__Clostridiaceae; g__Clostridium; m__meta_mOTU_v31_12233
meta_mOTU_v31_12239	k__Bacteria; p__Firmicutes; c__Clostridia; o__Clostridiales; f__Ruminococcaceae; g__; m__meta_mOTU_v31_12239
meta_mOTU_v31_12240	k__Bacteria; p__Firmicutes; c__Clostridia; o__Clostridiales; f__Lachnospiraceae; g__; m__meta_mOTU_v31_12240
meta_mOTU_v31_12251	k__Bacteria; p__Firmicutes; c__Clostridia; o__Clostridiales; f__; g__; m__meta_mOTU_v31_12251
meta_mOTU_v31_12252	k__Bacteria; p__Firmicutes; c__Clostridia; o__Clostridiales; f__; g__; m__meta_mOTU_v31_12252
meta_mOTU_v31_12254	k__Bacteria; p__Firmicutes; c__Clostridia; o__Clostridiales; f__; g__; m__meta_mOTU_v31_12254
meta_mOTU_v31_12259	k__Bacteria; p__Firmicutes; c__Clostridia; o__Clostridiales; f__Ruminococcaceae; g__; m__meta_mOTU_v31_12259
meta_mOTU_v31_12260	k__Bacteria; p__Firmicutes; c__Clostridia; o__Clostridiales; f__Eubacteriaceae; g__Eubacterium; m__meta_mOTU_v31_12260
meta_mOTU_v31_12262	k__Bacteria; p__Bacteroidetes; c__Bacteroidia; o__Bacteroidales; f__; g__; m__meta_mOTU_v31_12262
meta_mOTU_v31_12266	k__Bacteria; p__Firmicutes; c__Clostridia; o__Clostridiales; f__Lachnospiraceae; g__Tyzzerella; m__meta_mOTU_v31_12266
meta_mOTU_v31_12284	k__Bacteria; p__Firmicutes; c__Clostridia; o__Clostridiales; f__; g__; m__meta_mOTU_v31_12284
meta_mOTU_v31_12288	k__Bacteria; p__Firmicutes; c__Clostridia; o__Clostridiales; f__; g__; m__meta_mOTU_v31_12288
meta_mOTU_v31_12301	k__Bacteria; p__Firmicutes; c__Clostridia; o__Clostridiales; f__; g__; m__meta_mOTU_v31_12301
meta_mOTU_v31_12309	k__Bacteria; p__Firmicutes; c__Clostridia; o__Clostridiales; f__; g__; m__meta_mOTU_v31_12309
meta_mOTU_v31_12314	k__Bacteria; p__Firmicutes; c__Clostridia; o__Clostridiales; f__Eubacteriaceae; g__Eubacterium; m__meta_mOTU_v31_12314
meta_mOTU_v31_12324	k__Bacteria; p__Firmicutes; c__Clostridia; o__Clostridiales; f__Clostridiaceae; g__Clostridium; m__meta_mOTU_v31_12324
meta_mOTU_v31_12325	k__Bacteria; p__Firmicutes; c__Clostridia; o__Clostridiales; f__Ruminococcaceae; g__Faecalibacterium; m__meta_mOTU_v31_12325
meta_mOTU_v31_12331	k__Bacteria; p__Firmicutes; c__Clostridia; o__Clostridiales; f__Ruminococcaceae; g__Faecalibacterium; m__meta_mOTU_v31_12331
meta_mOTU_v31_12336	k__Bacteria; p__Firmicutes; c__Clostridia; o__Clostridiales; f__Clostridiaceae; g__Butyricicoccus; m__meta_mOTU_v31_12336
meta_mOTU_v31_12352	k__Bacteria; p__Firmicutes; c__Clostridia; o__Clostridiales; f__Lachnospiraceae; g__Roseburia; m__meta_mOTU_v31_12352
meta_mOTU_v31_12356	k__Bacteria; p__Firmicutes; c__Clostridia; o__Clostridiales; f__; g__; m__meta_mOTU_v31_12356
meta_mOTU_v31_12361	k__Bacteria; p__Firmicutes; c__Clostridia; o__Clostridiales; f__; g__; m__meta_mOTU_v31_12361
meta_mOTU_v31_12362	k__Bacteria; p__Firmicutes; c__Clostridia; o__Clostridiales; f__Ruminococcaceae; g__Ruminococcus; m__meta_mOTU_v31_12362
meta_mOTU_v31_12366	k__Bacteria; p__Firmicutes; c__Clostridia; o__Clostridiales; f__Lachnospiraceae; g__Roseburia; m__meta_mOTU_v31_12366
meta_mOTU_v31_12376	k__Bacteria; p__Firmicutes; c__Clostridia; o__Clostridiales; f__Ruminococcaceae; g__Faecalibacterium; m__meta_mOTU_v31_12376
meta_mOTU_v31_12403	k__Bacteria; p__Firmicutes; c__Clostridia; o__Clostridiales; f__Ruminococcaceae; g__Faecalibacterium; m__meta_mOTU_v31_12403
meta_mOTU_v31_12404	k__Bacteria; p__Firmicutes; c__Clostridia; o__Clostridiales; f__; g__; m__meta_mOTU_v31_12404
meta_mOTU_v31_12417	k__Bacteria; p__Firmicutes; c__Clostridia; o__Clostridiales; f__Clostridiaceae; g__Clostridium; m__meta_mOTU_v31_12417
meta_mOTU_v31_12445	k__Bacteria; p__Firmicutes; c__Clostridia; o__Clostridiales; f__; g__; m__meta_mOTU_v31_12445
meta_mOTU_v31_12463	k__Bacteria; p__Firmicutes; c__Clostridia; o__Clostridiales; f__; g__; m__meta_mOTU_v31_12463
meta_mOTU_v31_12470	k__Bacteria; p__Firmicutes; c__Clostridia; o__Clostridiales; f__; g__; m__meta_mOTU_v31_12470
meta_mOTU_v31_12473	k__Bacteria; p__Firmicutes; c__Clostridia; o__Clostridiales; f__; g__; m__meta_mOTU_v31_12473
meta_mOTU_v31_12476	k__Bacteria; p__Firmicutes; c__Clostridia; o__Clostridiales; f__; g__; m__meta_mOTU_v31_12476
meta_mOTU_v31_12508	k__Bacteria; p__Proteobacteria; c__Alphaproteobacteria; o__Rhodospirillales; f__Rhodospirillaceae; g__Azospirillum; m__meta_mOTU_v31_12508
meta_mOTU_v31_12521	k__Bacteria; p__Firmicutes; c__Clostridia; o__Clostridiales; f__; g__; m__meta_mOTU_v31_12521
meta_mOTU_v31_12554	k__Bacteria; p__Firmicutes; c__Clostridia; o__Clostridiales; f__; g__; m__meta_mOTU_v31_12554
meta_mOTU_v31_12556	k__Bacteria; p__Firmicutes; c__Clostridia; o__Clostridiales; f__; g__; m__meta_mOTU_v31_12556
meta_mOTU_v31_12570	k__Bacteria; p__Proteobacteria; c__Gammaproteobacteria; o__Enterobacterales; f__; g__; m__meta_mOTU_v31_12570
meta_mOTU_v31_12609	k__Bacteria; p__Firmicutes; c__Clostridia; o__Clostridiales; f__Clostridiaceae; g__Clostridium; m__meta_mOTU_v31_12609
meta_mOTU_v31_12610	k__Bacteria; p__Firmicutes; c__Clostridia; o__Clostridiales; f__Oscillospiraceae; g__Oscillibacter; m__meta_mOTU_v31_12610
meta_mOTU_v31_12614	k__Bacteria; p__Firmicutes; c__Clostridia; o__Clostridiales; f__; g__; m__meta_mOTU_v31_12614
meta_mOTU_v31_12631	k__Bacteria; p__Firmicutes; c__Clostridia; o__Clostridiales; f__; g__; m__meta_mOTU_v31_12631
meta_mOTU_v31_12635	k__Bacteria; p__Firmicutes; c__Clostridia; o__Clostridiales; f__; g__; m__meta_mOTU_v31_12635
meta_mOTU_v31_12640	k__Bacteria; p__Firmicutes; c__Clostridia; o__Clostridiales; f__Clostridiaceae; g__Clostridium; m__meta_mOTU_v31_12640
meta_mOTU_v31_12641	k__Bacteria; p__Firmicutes; c__Clostridia; o__Clostridiales; f__Clostridiaceae; g__Clostridium; m__meta_mOTU_v31_12641
meta_mOTU_v31_12654	k__Bacteria; p__Firmicutes; c__Clostridia; o__Clostridiales; f__; g__; m__meta_mOTU_v31_12654
meta_mOTU_v31_12662	k__Bacteria; p__Proteobacteria; c__Gammaproteobacteria; o__Pseudomonadales; f__Moraxellaceae; g__Acinetobacter; m__meta_mOTU_v31_12662
meta_mOTU_v31_12701	k__Bacteria; p__Bacteroidetes; c__Bacteroidia; o__Bacteroidales; f__; g__; m__meta_mOTU_v31_12701
meta_mOTU_v31_12707	k__Bacteria; p__Firmicutes; c__Clostridia; o__Clostridiales; f__; g__; m__meta_mOTU_v31_12707
meta_mOTU_v31_12755	k__Bacteria; p__Firmicutes; c__Clostridia; o__Clostridiales; f__; g__; m__meta_mOTU_v31_12755
meta_mOTU_v31_12762	k__Bacteria; p__Firmicutes; c__Clostridia; o__Clostridiales; f__Clostridiaceae; g__Clostridium; m__meta_mOTU_v31_12762
meta_mOTU_v31_12766	k__Bacteria; p__Firmicutes; c__Clostridia; o__Clostridiales; f__Ruminococcaceae; g__Ruminococcus; m__meta_mOTU_v31_12766
meta_mOTU_v31_12768	k__Bacteria; p__Firmicutes; c__Clostridia; o__Clostridiales; f__; g__; m__meta_mOTU_v31_12768
meta_mOTU_v31_12775	k__Bacteria; p__Bacteroidetes; c__Bacteroidia; o__Bacteroidales; f__; g__; m__meta_mOTU_v31_12775
meta_mOTU_v31_12785	k__Bacteria; p__Proteobacteria; c__Betaproteobacteria; o__Burkholderiales; f__; g__; m__meta_mOTU_v31_12785
meta_mOTU_v31_12799	k__Bacteria; p__Firmicutes; c__Tissierellia; o__Tissierellales; f__Peptoniphilaceae; g__Anaerococcus; m__meta_mOTU_v31_12799
meta_mOTU_v31_12852	k__Bacteria; p__Firmicutes; c__Clostridia; o__Clostridiales; f__Lachnospiraceae; g__Roseburia; m__meta_mOTU_v31_12852
meta_mOTU_v31_12873	k__Bacteria; p__Firmicutes; c__Clostridia; o__Clostridiales; f__; g__; m__meta_mOTU_v31_12873
meta_mOTU_v31_12923	k__Bacteria; p__Firmicutes; c__; o__; f__; g__; m__meta_mOTU_v31_12923
meta_mOTU_v31_12952	k__Bacteria; p__Firmicutes; c__Clostridia; o__Clostridiales; f__; g__; m__meta_mOTU_v31_12952
meta_mOTU_v31_12973	k__Bacteria; p__Bacteroidetes; c__Bacteroidia; o__Bacteroidales; f__Rikenellaceae; g__Alistipes; m__meta_mOTU_v31_12973
meta_mOTU_v31_12983	k__Bacteria; p__Firmicutes; c__Clostridia; o__Clostridiales; f__Clostridiaceae; g__; m__meta_mOTU_v31_12983
meta_mOTU_v31_13006	k__Bacteria; p__Firmicutes; c__Clostridia; o__Clostridiales; f__; g__; m__meta_mOTU_v31_13006
meta_mOTU_v31_13012	k__Bacteria; p__Firmicutes; c__Clostridia; o__Clostridiales; f__; g__; m__meta_mOTU_v31_13012
meta_mOTU_v31_13135	k__Bacteria; p__Firmicutes; c__Negativicutes; o__Veillonellales; f__Veillonellaceae; g__Veillonella; m__meta_mOTU_v31_13135
meta_mOTU_v31_13140	k__Bacteria; p__Firmicutes; c__Clostridia; o__Clostridiales; f__; g__; m__meta_mOTU_v31_13140
meta_mOTU_v31_13147	k__Bacteria; p__Firmicutes; c__Clostridia; o__Clostridiales; f__; g__; m__meta_mOTU_v31_13147
meta_mOTU_v31_13196	k__Bacteria; p__Firmicutes; c__Clostridia; o__Clostridiales; f__Eubacteriaceae; g__Eubacterium; m__meta_mOTU_v31_13196
meta_mOTU_v31_13218	k__Bacteria; p__Proteobacteria; c__Gammaproteobacteria; o__Pasteurellales; f__Pasteurellaceae; g__; m__meta_mOTU_v31_13218
meta_mOTU_v31_13253	k__Bacteria; p__Proteobacteria; c__Gammaproteobacteria; o__Pasteurellales; f__Pasteurellaceae; g__; m__meta_mOTU_v31_13253
meta_mOTU_v31_13280	k__Bacteria; p__Firmicutes; c__Clostridia; o__Clostridiales; f__; g__; m__meta_mOTU_v31_13280
meta_mOTU_v31_13286	k__Bacteria; p__Bacteroidetes; c__Bacteroidia; o__Bacteroidales; f__; g__; m__meta_mOTU_v31_13286
meta_mOTU_v31_13295	k__Bacteria; p__Firmicutes; c__Clostridia; o__Clostridiales; f__Ruminococcaceae; g__Anaeromassilibacillus; m__meta_mOTU_v31_13295
meta_mOTU_v31_13392	k__Bacteria; p__Firmicutes; c__Clostridia; o__Clostridiales; f__; g__; m__meta_mOTU_v31_13392
meta_mOTU_v31_13572	k__Bacteria; p__Firmicutes; c__Clostridia; o__Clostridiales; f__; g__; m__meta_mOTU_v31_13572
meta_mOTU_v31_13819	k__Bacteria; p__Firmicutes; c__Clostridia; o__Clostridiales; f__; g__; m__meta_mOTU_v31_13819
meta_mOTU_v31_13829	k__Bacteria; p__Firmicutes; c__Negativicutes; o__Selenomonadales; f__; g__; m__meta_mOTU_v31_13829
meta_mOTU_v31_13858	k__Bacteria; p__Firmicutes; c__Clostridia; o__Clostridiales; f__Clostridiaceae; g__Clostridium; m__meta_mOTU_v31_13858
meta_mOTU_v31_13874	k__Bacteria; p__Bacteroidetes; c__Bacteroidia; o__Bacteroidales; f__Odoribacteraceae; g__; m__meta_mOTU_v31_13874
meta_mOTU_v31_13923	k__Bacteria; p__Firmicutes; c__Clostridia; o__Clostridiales; f__; g__; m__meta_mOTU_v31_13923
meta_mOTU_v31_13962	k__Bacteria; p__Proteobacteria; c__Betaproteobacteria; o__Burkholderiales; f__Sutterellaceae; g__Sutterella; m__meta_mOTU_v31_13962
meta_mOTU_v31_14015	k__Bacteria; p__Firmicutes; c__Clostridia; o__Clostridiales; f__; g__; m__meta_mOTU_v31_14015
meta_mOTU_v31_14033	k__Bacteria; p__Firmicutes; c__Clostridia; o__Clostridiales; f__Clostridiaceae; g__Clostridium; m__meta_mOTU_v31_14033
meta_mOTU_v31_14048	k__Bacteria; p__Firmicutes; c__Clostridia; o__Clostridiales; f__Ruminococcaceae; g__Faecalibacterium; m__meta_mOTU_v31_14048
meta_mOTU_v31_14207	k__Bacteria; p__Firmicutes; c__Clostridia; o__Clostridiales; f__Clostridiaceae; g__Clostridium; m__meta_mOTU_v31_14207
meta_mOTU_v31_14346	k__Bacteria; p__Firmicutes; c__Clostridia; o__Clostridiales; f__; g__; m__meta_mOTU_v31_14346
meta_mOTU_v31_14383	k__Bacteria; p__Bacteroidetes; c__Bacteroidia; o__Bacteroidales; f__Porphyromonadaceae; g__Porphyromonas; m__meta_mOTU_v31_14383
meta_mOTU_v31_14385	k__Bacteria; p__Firmicutes; c__Clostridia; o__Clostridiales; f__; g__; m__meta_mOTU_v31_14385
meta_mOTU_v31_14434	k__Bacteria; p__Firmicutes; c__Clostridia; o__Clostridiales; f__Ruminococcaceae; g__Anaeromassilibacillus; m__meta_mOTU_v31_14434
ref_mOTU_v31_00060	k__Bacteria; p__Proteobacteria; c__Gammaproteobacteria; o__Enterobacterales; f__Enterobacteriaceae; g__Cronobacter; m__ref_mOTU_v31_00060
ref_mOTU_v31_00063	k__Bacteria; p__Proteobacteria; c__Gammaproteobacteria; o__Enterobacterales; f__Enterobacteriaceae; g__Enterobacteriaceae gen. [Kosakonia/Enterobacter]; m__ref_mOTU_v31_00063
ref_mOTU_v31_00072	k__Bacteria; p__Proteobacteria; c__Gammaproteobacteria; o__Enterobacterales; f__Enterobacteriaceae; g__Leclercia; m__ref_mOTU_v31_00072
ref_mOTU_v31_00077	k__Bacteria; p__Proteobacteria; c__Gammaproteobacteria; o__Enterobacterales; f__Enterobacteriaceae; g__Enterobacter; m__ref_mOTU_v31_00077
ref_mOTU_v31_00080	k__Bacteria; p__Proteobacteria; c__Gammaproteobacteria; o__Enterobacterales; f__Enterobacteriaceae; g__Pluralibacter; m__ref_mOTU_v31_00080
ref_mOTU_v31_00084	k__Bacteria; p__Proteobacteria; c__Gammaproteobacteria; o__Enterobacterales; f__Enterobacteriaceae; g__Klebsiella; m__ref_mOTU_v31_00084
ref_mOTU_v31_00085	k__Bacteria; p__Proteobacteria; c__Gammaproteobacteria; o__Enterobacterales; f__Enterobacteriaceae; g__Klebsiella; m__ref_mOTU_v31_00085
ref_mOTU_v31_00086	k__Bacteria; p__Proteobacteria; c__Gammaproteobacteria; o__Enterobacterales; f__Enterobacteriaceae; g__Klebsiella; m__ref_mOTU_v31_00086
ref_mOTU_v31_00087	k__Bacteria; p__Proteobacteria; c__Gammaproteobacteria; o__Enterobacterales; f__Enterobacteriaceae; g__Raoultella; m__ref_mOTU_v31_00087
ref_mOTU_v31_00095	k__Bacteria; p__Proteobacteria; c__Gammaproteobacteria; o__Enterobacterales; f__Enterobacteriaceae; g__Escherichia; m__ref_mOTU_v31_00095
ref_mOTU_v31_00096	k__Bacteria; p__Proteobacteria; c__Gammaproteobacteria; o__Enterobacterales; f__Enterobacteriaceae; g__Citrobacter; m__ref_mOTU_v31_00096
ref_mOTU_v31_00102	k__Bacteria; p__Proteobacteria; c__Gammaproteobacteria; o__Enterobacterales; f__Enterobacteriaceae; g__Citrobacter; m__ref_mOTU_v31_00102
ref_mOTU_v31_00182	k__Bacteria; p__Proteobacteria; c__Gammaproteobacteria; o__Pseudomonadales; f__Pseudomonadaceae; g__Pseudomonas; m__ref_mOTU_v31_00182
ref_mOTU_v31_00282	k__Bacteria; p__Firmicutes; c__Bacilli; o__Lactobacillales; f__Streptococcaceae; g__Streptococcus; m__ref_mOTU_v31_00282
ref_mOTU_v31_00283	k__Bacteria; p__Firmicutes; c__Bacilli; o__Lactobacillales; f__Streptococcaceae; g__Streptococcus; m__ref_mOTU_v31_00283
ref_mOTU_v31_00301	k__Bacteria; p__Firmicutes; c__Bacilli; o__Lactobacillales; f__Streptococcaceae; g__Streptococcus; m__ref_mOTU_v31_00301
ref_mOTU_v31_00312	k__Bacteria; p__Firmicutes; c__Bacilli; o__Lactobacillales; f__Streptococcaceae; g__Streptococcus; m__ref_mOTU_v31_00312
ref_mOTU_v31_00318	k__Bacteria; p__Firmicutes; c__Bacilli; o__Lactobacillales; f__Enterococcaceae; g__Enterococcus; m__ref_mOTU_v31_00318
ref_mOTU_v31_00321	k__Bacteria; p__Firmicutes; c__Bacilli; o__Lactobacillales; f__Enterococcaceae; g__Enterococcus; m__ref_mOTU_v31_00321
ref_mOTU_v31_00322	k__Bacteria; p__Firmicutes; c__Bacilli; o__Lactobacillales; f__Enterococcaceae; g__Enterococcus; m__ref_mOTU_v31_00322
ref_mOTU_v31_00340	k__Bacteria; p__Firmicutes; c__Bacilli; o__Bacillales; f__Staphylococcaceae; g__Staphylococcus; m__ref_mOTU_v31_00340
ref_mOTU_v31_00344	k__Bacteria; p__Firmicutes; c__Bacilli; o__Bacillales; f__Staphylococcaceae; g__Staphylococcus; m__ref_mOTU_v31_00344
ref_mOTU_v31_00346	k__Bacteria; p__Firmicutes; c__Bacilli; o__Bacillales; f__Staphylococcaceae; g__Staphylococcus; m__ref_mOTU_v31_00346
ref_mOTU_v31_00504	k__Bacteria; p__Proteobacteria; c__Betaproteobacteria; o__Burkholderiales; f__Burkholderiaceae; g__Cupriavidus; m__ref_mOTU_v31_00504
ref_mOTU_v31_00719	k__Bacteria; p__Actinobacteria; c__Coriobacteriia; o__Eggerthellales; f__Eggerthellaceae; g__Eggerthella; m__ref_mOTU_v31_00719
ref_mOTU_v31_00721	k__Bacteria; p__Firmicutes; c__Clostridia; o__Clostridiales; f__Peptostreptococcaceae; g__Clostridioides; m__ref_mOTU_v31_00721
ref_mOTU_v31_00800	k__Bacteria; p__Actinobacteria; c__Actinobacteria; o__Propionibacteriales; f__Propionibacteriaceae; g__Cutibacterium; m__ref_mOTU_v31_00800
ref_mOTU_v31_00801	k__Bacteria; p__Actinobacteria; c__Actinobacteria; o__Corynebacteriales; f__Corynebacteriaceae; g__Corynebacterium; m__ref_mOTU_v31_00801
ref_mOTU_v31_00830	k__Bacteria; p__Proteobacteria; c__Gammaproteobacteria; o__Enterobacterales; f__Yersiniaceae; g__Serratia; m__ref_mOTU_v31_00830
ref_mOTU_v31_00853	k__Bacteria; p__Firmicutes; c__Clostridia; o__Clostridiales; f__Ruminococcaceae; g__Ruminococcus; m__ref_mOTU_v31_00853
ref_mOTU_v31_00855	k__Bacteria; p__Bacteroidetes; c__Bacteroidia; o__Bacteroidales; f__Bacteroidaceae; g__Bacteroides; m__ref_mOTU_v31_00855
ref_mOTU_v31_00856	k__Bacteria; p__Firmicutes; c__Clostridia; o__Clostridiales; f__Lachnospiraceae; g__Anaerostipes; m__ref_mOTU_v31_00856
ref_mOTU_v31_00857	k__Bacteria; p__Firmicutes; c__Clostridia; o__Clostridiales; f__Lachnospiraceae; g__Anaerostipes; m__ref_mOTU_v31_00857
ref_mOTU_v31_00859	k__Bacteria; p__Firmicutes; c__Clostridia; o__Clostridiales; f__Lachnospiraceae; g__Roseburia; m__ref_mOTU_v31_00859
ref_mOTU_v31_00860	k__Bacteria; p__Firmicutes; c__Clostridia; o__Clostridiales; f__Lachnospiraceae; g__Roseburia; m__ref_mOTU_v31_00860
ref_mOTU_v31_00861	k__Bacteria; p__Firmicutes; c__Clostridia; o__Clostridiales; f__Lachnospiraceae; g__Roseburia; m__ref_mOTU_v31_00861
ref_mOTU_v31_01001	k__Bacteria; p__Fusobacteria; c__Fusobacteriia; o__Fusobacteriales; f__Fusobacteriaceae; g__Fusobacterium; m__ref_mOTU_v31_01001
ref_mOTU_v31_01002	k__Bacteria; p__Fusobacteria; c__Fusobacteriia; o__Fusobacteriales; f__Fusobacteriaceae; g__Fusobacterium; m__ref_mOTU_v31_01002
ref_mOTU_v31_01004	k__Bacteria; p__Fusobacteria; c__Fusobacteriia; o__Fusobacteriales; f__Fusobacteriaceae; g__Fusobacterium; m__ref_mOTU_v31_01004
ref_mOTU_v31_01006	k__Bacteria; p__Bacteroidetes; c__Bacteroidia; o__Bacteroidales; f__Prevotellaceae; g__Prevotella; m__ref_mOTU_v31_01006
ref_mOTU_v31_01014	k__Bacteria; p__Bacteroidetes; c__Bacteroidia; o__Bacteroidales; f__Rikenellaceae; g__Alistipes; m__ref_mOTU_v31_01014
ref_mOTU_v31_01017	k__Bacteria; p__Bacteroidetes; c__Bacteroidia; o__Bacteroidales; f__Rikenellaceae; g__Alistipes; m__ref_mOTU_v31_01017
ref_mOTU_v31_01039	k__Bacteria; p__Firmicutes; c__Bacilli; o__Lactobacillales; f__Lactobacillaceae; g__Lactobacillus; m__ref_mOTU_v31_01039
ref_mOTU_v31_01061	k__Bacteria; p__Firmicutes; c__Erysipelotrichia; o__Erysipelotrichales; f__Erysipelotrichaceae; g__Dielma; m__ref_mOTU_v31_01061
ref_mOTU_v31_01068	k__Bacteria; p__Proteobacteria; c__Gammaproteobacteria; o__Pasteurellales; f__Pasteurellaceae; g__Haemophilus; m__ref_mOTU_v31_01068
ref_mOTU_v31_01077	k__Bacteria; p__Firmicutes; c__Clostridia; o__Clostridiales; f__Peptostreptococcaceae; g__Peptostreptococcus; m__ref_mOTU_v31_01077
ref_mOTU_v31_01098	k__Bacteria; p__Actinobacteria; c__Actinobacteria; o__Bifidobacteriales; f__Bifidobacteriaceae; g__Bifidobacterium; m__ref_mOTU_v31_01098
ref_mOTU_v31_01099	k__Bacteria; p__Actinobacteria; c__Actinobacteria; o__Bifidobacteriales; f__Bifidobacteriaceae; g__Bifidobacterium; m__ref_mOTU_v31_01099
ref_mOTU_v31_01348	k__Bacteria; p__Firmicutes; c__Bacilli; o__Lactobacillales; f__Streptococcaceae; g__Streptococcus; m__ref_mOTU_v31_01348
ref_mOTU_v31_01349	k__Bacteria; p__Firmicutes; c__Bacilli; o__Lactobacillales; f__Streptococcaceae; g__Streptococcus; m__ref_mOTU_v31_01349
ref_mOTU_v31_01350	k__Bacteria; p__Firmicutes; c__Bacilli; o__Lactobacillales; f__Streptococcaceae; g__Streptococcus; m__ref_mOTU_v31_01350
ref_mOTU_v31_01579	k__Bacteria; p__Bacteroidetes; c__Bacteroidia; o__Bacteroidales; f__Bacteroidaceae; g__Bacteroides; m__ref_mOTU_v31_01579
ref_mOTU_v31_01594	k__Bacteria; p__Firmicutes; c__Clostridia; o__Clostridiales; f__Lachnospiraceae; g__Blautia; m__ref_mOTU_v31_01594
ref_mOTU_v31_01595	k__Bacteria; p__Firmicutes; c__Clostridia; o__Clostridiales; f__Ruminococcaceae; g__Ruminococcus; m__ref_mOTU_v31_01595
ref_mOTU_v31_01597	k__Bacteria; p__Bacteroidetes; c__Bacteroidia; o__Bacteroidales; f__Bacteroidaceae; g__Bacteroides; m__ref_mOTU_v31_01597
ref_mOTU_v31_01606	k__Bacteria; p__Firmicutes; c__Clostridia; o__Clostridiales; f__Clostridiaceae; g__Clostridium; m__ref_mOTU_v31_01606
ref_mOTU_v31_01657	k__Bacteria; p__Bacteroidetes; c__Bacteroidia; o__Bacteroidales; f__Bacteroidaceae; g__Bacteroides; m__ref_mOTU_v31_01657
ref_mOTU_v31_01683	k__Bacteria; p__Firmicutes; c__Clostridia; o__Clostridiales; f__Lachnospiraceae; g__Coprococcus; m__ref_mOTU_v31_01683
ref_mOTU_v31_01685	k__Bacteria; p__Actinobacteria; c__Actinobacteria; o__Corynebacteriales; f__Corynebacteriaceae; g__Corynebacterium; m__ref_mOTU_v31_01685
ref_mOTU_v31_01938	k__Bacteria; p__Firmicutes; c__Negativicutes; o__Veillonellales; f__Veillonellaceae; g__Veillonella; m__ref_mOTU_v31_01938
ref_mOTU_v31_01939	k__Bacteria; p__Firmicutes; c__Negativicutes; o__Veillonellales; f__Veillonellaceae; g__Veillonella; m__ref_mOTU_v31_01939
ref_mOTU_v31_01940	k__Bacteria; p__Firmicutes; c__Negativicutes; o__Veillonellales; f__Veillonellaceae; g__Veillonella; m__ref_mOTU_v31_01940
ref_mOTU_v31_01941	k__Bacteria; p__Firmicutes; c__Negativicutes; o__Veillonellales; f__Veillonellaceae; g__Veillonella; m__ref_mOTU_v31_01941
ref_mOTU_v31_01949	k__Bacteria; p__Firmicutes; c__Negativicutes; o__Acidaminococcales; f__Acidaminococcaceae; g__Acidaminococcus; m__ref_mOTU_v31_01949
ref_mOTU_v31_01958	k__Bacteria; p__Actinobacteria; c__Coriobacteriia; o__Eggerthellales; f__Eggerthellaceae; g__Slackia; m__ref_mOTU_v31_01958
ref_mOTU_v31_02114	k__Bacteria; p__Actinobacteria; c__Actinobacteria; o__Bifidobacteriales; f__Bifidobacteriaceae; g__Alloscardovia; m__ref_mOTU_v31_02114
ref_mOTU_v31_02135	k__Bacteria; p__Bacteroidetes; c__Bacteroidia; o__Bacteroidales; f__Bacteroidaceae; g__Bacteroides; m__ref_mOTU_v31_02135
ref_mOTU_v31_02140	k__Bacteria; p__Bacteroidetes; c__Bacteroidia; o__Bacteroidales; f__Bacteroidaceae; g__Bacteroides; m__ref_mOTU_v31_02140
ref_mOTU_v31_02152	k__Bacteria; p__Firmicutes; c__Clostridia; o__Clostridiales; f__Lachnospiraceae; g__Blautia; m__ref_mOTU_v31_02152
ref_mOTU_v31_02154	k__Bacteria; p__Firmicutes; c__Clostridia; o__Clostridiales; f__Lachnospiraceae; g__Blautia; m__ref_mOTU_v31_02154
ref_mOTU_v31_02158	k__Bacteria; p__Firmicutes; c__Clostridia; o__Clostridiales; f__Clostridiaceae; g__Butyricicoccus; m__ref_mOTU_v31_02158
ref_mOTU_v31_02161	k__Bacteria; p__Bacteroidetes; c__Bacteroidia; o__Bacteroidales; f__Odoribacteraceae; g__Butyricimonas; m__ref_mOTU_v31_02161
ref_mOTU_v31_02190	k__Bacteria; p__Firmicutes; c__Clostridia; o__Clostridiales; f__Lachnospiraceae; g__Anaerotignum; m__ref_mOTU_v31_02190
ref_mOTU_v31_02367	k__Bacteria; p__Bacteroidetes; c__Bacteroidia; o__Bacteroidales; f__Bacteroidaceae; g__Bacteroides; m__ref_mOTU_v31_02367
ref_mOTU_v31_02372	k__Bacteria; p__Proteobacteria; c__Gammaproteobacteria; o__Pseudomonadales; f__Moraxellaceae; g__Acinetobacter; m__ref_mOTU_v31_02372
ref_mOTU_v31_02373	k__Bacteria; p__Firmicutes; c__Clostridia; o__Clostridiales; f__Eubacteriaceae; g__Eubacterium; m__ref_mOTU_v31_02373
ref_mOTU_v31_02374	k__Bacteria; p__Firmicutes; c__Firmicutes class [Clostridia/Bacilli]; o__Firmicutes order [Clostridiales/Lactobacillales]; f__Firmicutes fam. [Lachnospiraceae/Lactobacillaceae]; g__Firmicutes gen. [Lactobacillus/Lachnospira]; m__ref_mOTU_v31_02374
ref_mOTU_v31_02376	k__Bacteria; p__Firmicutes; c__Clostridia; o__Clostridiales; f__Eubacteriaceae; g__Eubacterium; m__ref_mOTU_v31_02376
ref_mOTU_v31_02384	k__Bacteria; p__Bacteroidetes; c__Bacteroidia; o__Bacteroidales; f__Porphyromonadaceae; g__Porphyromonas; m__ref_mOTU_v31_02384
ref_mOTU_v31_02391	k__Bacteria; p__Bacteroidetes; c__Bacteroidia; o__Bacteroidales; f__Prevotellaceae; g__Prevotella; m__ref_mOTU_v31_02391
ref_mOTU_v31_02555	k__Bacteria; p__Verrucomicrobia; c__Verrucomicrobiae; o__Verrucomicrobiales; f__Akkermansiaceae; g__Akkermansia; m__ref_mOTU_v31_02555
ref_mOTU_v31_02680	k__Bacteria; p__Firmicutes; c__Clostridia; o__Clostridiales; f__Lachnospiraceae; g__Fusicatenibacter; m__ref_mOTU_v31_02680
ref_mOTU_v31_02698	k__Bacteria; p__Actinobacteria; c__Actinobacteria; o__Bifidobacteriales; f__Bifidobacteriaceae; g__Bifidobacterium; m__ref_mOTU_v31_02698
ref_mOTU_v31_02700	k__Bacteria; p__Actinobacteria; c__Actinobacteria; o__Bifidobacteriales; f__Bifidobacteriaceae; g__Bifidobacterium; m__ref_mOTU_v31_02700
ref_mOTU_v31_02701	k__Bacteria; p__Actinobacteria; c__Actinobacteria; o__Bifidobacteriales; f__Bifidobacteriaceae; g__Bifidobacterium; m__ref_mOTU_v31_02701
ref_mOTU_v31_02703	k__Bacteria; p__Actinobacteria; c__Actinobacteria; o__Bifidobacteriales; f__Bifidobacteriaceae; g__Bifidobacterium; m__ref_mOTU_v31_02703
ref_mOTU_v31_02743	k__Bacteria; p__Firmicutes; c__Firmicutes class [Clostridia/Erysipelotrichia]; o__Firmicutes order [Clostridiales/Erysipelotrichales]; f__Firmicutes fam. [Erysipelotrichaceae/Peptostreptococcaceae]; g__Firmicutes gen. [Erysipelatoclostridium/Clostridioides]; m__ref_mOTU_v31_02743
ref_mOTU_v31_02790	k__Bacteria; p__Actinobacteria; c__Actinobacteria; o__Propionibacteriales; f__Propionibacteriaceae; g__Cutibacterium; m__ref_mOTU_v31_02790
ref_mOTU_v31_02792	k__Bacteria; p__Firmicutes; c__Clostridia; o__Clostridiales; f__Ruminococcaceae; g__Ruminococcus; m__ref_mOTU_v31_02792
ref_mOTU_v31_02809	k__Bacteria; p__Bacteroidetes; c__Bacteroidia; o__Bacteroidales; f__Bacteroidaceae; g__Bacteroides; m__ref_mOTU_v31_02809
ref_mOTU_v31_02810	k__Bacteria; p__Bacteroidetes; c__Bacteroidia; o__Bacteroidales; f__Bacteroidaceae; g__Bacteroides; m__ref_mOTU_v31_02810
ref_mOTU_v31_02864	k__Bacteria; p__Actinobacteria; c__Actinobacteria; o__Propionibacteriales; f__Propionibacteriaceae; g__Cutibacterium; m__ref_mOTU_v31_02864
ref_mOTU_v31_02968	k__Bacteria; p__Firmicutes; c__Clostridia; o__Clostridiales; f__Clostridiales fam. [Clostridiaceae/Ruminococcaceae]; g__Clostridiales gen. [Clostridium/Flavonifractor]; m__ref_mOTU_v31_02968
ref_mOTU_v31_02970	k__Bacteria; p__Firmicutes; c__Clostridia; o__Clostridiales; f__; g__; m__ref_mOTU_v31_02970
ref_mOTU_v31_02971	k__Bacteria; p__Firmicutes; c__Clostridia; o__Clostridiales; f__Ruminococcaceae; g__Flavonifractor; m__ref_mOTU_v31_02971
ref_mOTU_v31_03066	k__Bacteria; p__Proteobacteria; c__Betaproteobacteria; o__Burkholderiales; f__Sutterellaceae; g__Sutterella; m__ref_mOTU_v31_03066
ref_mOTU_v31_03069	k__Bacteria; p__Bacteroidetes; c__Bacteroidia; o__Bacteroidales; f__Rikenellaceae; g__Alistipes; m__ref_mOTU_v31_03069
ref_mOTU_v31_03116	k__Bacteria; p__Actinobacteria; c__Actinobacteria; o__Bifidobacteriales; f__Bifidobacteriaceae; g__Bifidobacterium; m__ref_mOTU_v31_03116
ref_mOTU_v31_03341	k__Bacteria; p__Firmicutes; c__Clostridia; o__Clostridiales; f__Oscillospiraceae; g__Oscillibacter; m__ref_mOTU_v31_03341
ref_mOTU_v31_03342	k__Bacteria; p__Firmicutes; c__Clostridia; o__Clostridiales; f__Lachnospiraceae; g__Blautia; m__ref_mOTU_v31_03342
ref_mOTU_v31_03343	k__Bacteria; p__Firmicutes; c__Clostridia; o__Clostridiales; f__Clostridiaceae; g__Clostridium; m__ref_mOTU_v31_03343
ref_mOTU_v31_03432	k__Bacteria; p__Firmicutes; c__Negativicutes; o__Veillonellales; f__Veillonellaceae; g__Megasphaera; m__ref_mOTU_v31_03432
ref_mOTU_v31_03437	k__Bacteria; p__Firmicutes; c__Clostridia; o__Clostridiales; f__Lachnospiraceae; g__Lachnoclostridium; m__ref_mOTU_v31_03437
ref_mOTU_v31_03442	k__Bacteria; p__Firmicutes; c__Clostridia; o__Clostridiales; f__Lachnospiraceae; g__Lachnoclostridium; m__ref_mOTU_v31_03442
ref_mOTU_v31_03446	k__Bacteria; p__Firmicutes; c__Clostridia; o__Clostridiales; f__Lachnospiraceae; g__Eisenbergiella; m__ref_mOTU_v31_03446
ref_mOTU_v31_03473	k__Bacteria; p__Bacteroidetes; c__Bacteroidia; o__Bacteroidales; f__Bacteroidaceae; g__Bacteroides; m__ref_mOTU_v31_03473
ref_mOTU_v31_03474	k__Bacteria; p__Bacteroidetes; c__Bacteroidia; o__Bacteroidales; f__Bacteroidaceae; g__Bacteroides; m__ref_mOTU_v31_03474
ref_mOTU_v31_03475	k__Bacteria; p__Bacteroidetes; c__Bacteroidia; o__Bacteroidales; f__Bacteroidaceae; g__Bacteroides; m__ref_mOTU_v31_03475
ref_mOTU_v31_03476	k__Bacteria; p__Bacteroidetes; c__Bacteroidia; o__Bacteroidales; f__Bacteroidaceae; g__Bacteroides; m__ref_mOTU_v31_03476
ref_mOTU_v31_03571	k__Bacteria; p__Firmicutes; c__Tissierellia; o__Tissierellales; f__Peptoniphilaceae; g__Finegoldia; m__ref_mOTU_v31_03571
ref_mOTU_v31_03591	k__Bacteria; p__Verrucomicrobia; c__Verrucomicrobiae; o__Verrucomicrobiales; f__Akkermansiaceae; g__Akkermansia; m__ref_mOTU_v31_03591
ref_mOTU_v31_03594	k__Bacteria; p__Bacteria phylum [Proteobacteria/Firmicutes]; c__Bacteria class [Alphaproteobacteria/Bacilli]; o__Bacteria order [Lactobacillales/Rhodospirillales]; f__Bacteria fam. [Lactobacillaceae/Rhodospirillaceae]; g__Bacteria gen. [Rhodospirillum/Lactobacillus/Azospirillum]; m__ref_mOTU_v31_03594
ref_mOTU_v31_03595	k__Bacteria; p__Bacteroidetes; c__Bacteroidia; o__Bacteroidales; f__Barnesiellaceae; g__Barnesiella; m__ref_mOTU_v31_03595
ref_mOTU_v31_03597	k__Bacteria; p__Firmicutes; c__Clostridia; o__Clostridiales; f__Lachnospiraceae; g__Blautia; m__ref_mOTU_v31_03597
ref_mOTU_v31_03618	k__Bacteria; p__Firmicutes; c__Clostridia; o__Clostridiales; f__Clostridiaceae; g__Clostridium; m__ref_mOTU_v31_03618
ref_mOTU_v31_03621	k__Bacteria; p__Firmicutes; c__Clostridia; o__Clostridiales; f__Clostridiaceae; g__Clostridium; m__ref_mOTU_v31_03621
ref_mOTU_v31_03626	k__Bacteria; p__Actinobacteria; c__Coriobacteriia; o__Coriobacteriales; f__Coriobacteriaceae; g__Collinsella; m__ref_mOTU_v31_03626
ref_mOTU_v31_03628	k__Bacteria; p__; c__; o__; f__; g__; m__ref_mOTU_v31_03628
ref_mOTU_v31_03630	k__Bacteria; p__Firmicutes; c__Negativicutes; o__Veillonellales; f__Veillonellaceae; g__Dialister; m__ref_mOTU_v31_03630
ref_mOTU_v31_03632	k__Bacteria; p__Firmicutes; c__Clostridia; o__Clostridiales; f__Eubacteriaceae; g__Eubacterium; m__ref_mOTU_v31_03632
ref_mOTU_v31_03633	k__Bacteria; p__Firmicutes; c__Clostridia; o__Clostridiales; f__Eubacteriaceae; g__Eubacterium; m__ref_mOTU_v31_03633
ref_mOTU_v31_03640	k__Bacteria; p__Bacteroidetes; c__Bacteroidia; o__Bacteroidales; f__Tannerellaceae; g__Parabacteroides; m__ref_mOTU_v31_03640
ref_mOTU_v31_03641	k__Bacteria; p__Firmicutes; c__Firmicutes class [Negativicutes/Bacilli]; o__Firmicutes order [Acidaminococcales/Lactobacillales]; f__Firmicutes fam. [Carnobacteriaceae/Acidaminococcaceae]; g__Firmicutes gen. [Carnobacterium/Phascolarctobacterium]; m__ref_mOTU_v31_03641
ref_mOTU_v31_03647	k__Bacteria; p__Bacteroidetes; c__Bacteroidia; o__Bacteroidales; f__Prevotellaceae; g__Prevotella; m__ref_mOTU_v31_03647
ref_mOTU_v31_03650	k__Bacteria; p__Firmicutes; c__Clostridia; o__Clostridiales; f__Lachnospiraceae; g__Roseburia; m__ref_mOTU_v31_03650
ref_mOTU_v31_03657	k__Bacteria; p__Firmicutes; c__Clostridia; o__Clostridiales; f__Lachnospiraceae; g__; m__ref_mOTU_v31_03657
ref_mOTU_v31_03658	k__Bacteria; p__Firmicutes; c__Clostridia; o__Clostridiales; f__Clostridiales fam. [Lachnospiraceae/Ruminococcaceae]; g__Clostridiales gen. [Ruminococcus/Blautia]; m__ref_mOTU_v31_03658
ref_mOTU_v31_03659	k__Bacteria; p__Firmicutes; c__Clostridia; o__Clostridiales; f__Lachnospiraceae; g__Blautia; m__ref_mOTU_v31_03659
ref_mOTU_v31_03660	k__Bacteria; p__Firmicutes; c__Clostridia; o__Clostridiales; f__Lachnospiraceae; g__Blautia; m__ref_mOTU_v31_03660
ref_mOTU_v31_03661	k__Bacteria; p__Firmicutes; c__Clostridia; o__Clostridiales; f__Clostridiales fam. [Lachnospiraceae/Clostridiaceae/Ruminococcaceae]; g__Clostridiales gen. [Ruminococcus/Clostridium/Blautia]; m__ref_mOTU_v31_03661
ref_mOTU_v31_03662	k__Bacteria; p__Firmicutes; c__Clostridia; o__Clostridiales; f__Lachnospiraceae; g__Blautia; m__ref_mOTU_v31_03662
ref_mOTU_v31_03667	k__Bacteria; p__Bacteroidetes; c__Bacteroidia; o__Bacteroidales; f__Barnesiellaceae; g__Coprobacter; m__ref_mOTU_v31_03667
ref_mOTU_v31_03668	k__Bacteria; p__Firmicutes; c__Clostridia; o__Clostridiales; f__Lachnospiraceae; g__Dorea; m__ref_mOTU_v31_03668
ref_mOTU_v31_03670	k__Bacteria; p__Firmicutes; c__Clostridia; o__Clostridiales; f__Lachnospiraceae; g__Blautia; m__ref_mOTU_v31_03670
ref_mOTU_v31_03672	k__Bacteria; p__Firmicutes; c__Clostridia; o__Clostridiales; f__Lachnospiraceae; g__Lachnoclostridium; m__ref_mOTU_v31_03672
ref_mOTU_v31_03673	k__Bacteria; p__Proteobacteria; c__Gammaproteobacteria; o__Pseudomonadales; f__Moraxellaceae; g__Acinetobacter; m__ref_mOTU_v31_03673
ref_mOTU_v31_03674	k__Bacteria; p__Proteobacteria; c__Betaproteobacteria; o__Burkholderiales; f__Sutterellaceae; g__Parasutterella; m__ref_mOTU_v31_03674
ref_mOTU_v31_03680	k__Bacteria; p__Firmicutes; c__Clostridia; o__Clostridiales; f__Clostridiaceae; g__Clostridium; m__ref_mOTU_v31_03680
ref_mOTU_v31_03681	k__Bacteria; p__Firmicutes; c__Clostridia; o__Clostridiales; f__Ruminococcaceae; g__Ruminococcus; m__ref_mOTU_v31_03681
ref_mOTU_v31_03682	k__Bacteria; p__Bacteroidetes; c__Bacteroidia; o__Bacteroidales; f__Rikenellaceae; g__Alistipes; m__ref_mOTU_v31_03682
ref_mOTU_v31_03683	k__Bacteria; p__Bacteroidetes; c__Bacteroidia; o__Bacteroidales; f__Rikenellaceae; g__Alistipes; m__ref_mOTU_v31_03683
ref_mOTU_v31_03687	k__Bacteria; p__Firmicutes; c__Clostridia; o__Clostridiales; f__Peptostreptococcaceae; g__Intestinibacter; m__ref_mOTU_v31_03687
ref_mOTU_v31_03688	k__Bacteria; p__Firmicutes; c__Clostridia; o__Clostridiales; f__Ruminococcaceae; g__; m__ref_mOTU_v31_03688
ref_mOTU_v31_03689	k__Bacteria; p__Firmicutes; c__Clostridia; o__Clostridiales; f__Lachnospiraceae; g__Tyzzerella; m__ref_mOTU_v31_03689
ref_mOTU_v31_03690	k__Bacteria; p__Firmicutes; c__Clostridia; o__Clostridiales; f__Lachnospiraceae; g__Coprococcus; m__ref_mOTU_v31_03690
ref_mOTU_v31_03691	k__Bacteria; p__Firmicutes; c__Negativicutes; o__Veillonellales; f__Veillonellaceae; g__Dialister; m__ref_mOTU_v31_03691
ref_mOTU_v31_03692	k__Bacteria; p__Firmicutes; c__Clostridia; o__Clostridiales; f__Lachnospiraceae; g__Dorea; m__ref_mOTU_v31_03692
ref_mOTU_v31_03693	k__Bacteria; p__Firmicutes; c__Clostridia; o__Clostridiales; f__Lachnospiraceae; g__Dorea; m__ref_mOTU_v31_03693
ref_mOTU_v31_03697	k__Bacteria; p__Bacteroidetes; c__Bacteroidia; o__Bacteroidales; f__Odoribacteraceae; g__Odoribacter; m__ref_mOTU_v31_03697
ref_mOTU_v31_03698	k__Bacteria; p__Bacteroidetes; c__Bacteroidia; o__Bacteroidales; f__Prevotellaceae; g__Paraprevotella; m__ref_mOTU_v31_03698
ref_mOTU_v31_03700	k__Bacteria; p__Firmicutes; c__Negativicutes; o__Acidaminococcales; f__Acidaminococcaceae; g__Phascolarctobacterium; m__ref_mOTU_v31_03700
ref_mOTU_v31_03701	k__Bacteria; p__Bacteroidetes; c__Bacteroidia; o__Bacteroidales; f__Prevotellaceae; g__Prevotella; m__ref_mOTU_v31_03701
ref_mOTU_v31_03702	k__Bacteria; p__Firmicutes; c__Clostridia; o__Clostridiales; f__Lachnospiraceae; g__Roseburia; m__ref_mOTU_v31_03702
ref_mOTU_v31_03703	k__Bacteria; p__Firmicutes; c__Clostridia; o__Clostridiales; f__Lachnospiraceae; g__Blautia; m__ref_mOTU_v31_03703
ref_mOTU_v31_03804	k__Bacteria; p__Firmicutes; c__Clostridia; o__Clostridiales; f__Clostridiaceae; g__Clostridium; m__ref_mOTU_v31_03804
ref_mOTU_v31_03901	k__Bacteria; p__Proteobacteria; c__Alphaproteobacteria; o__Caulobacterales; f__Caulobacteraceae; g__Caulobacter; m__ref_mOTU_v31_03901
ref_mOTU_v31_03928	k__Bacteria; p__Firmicutes; c__Clostridia; o__Clostridiales; f__; g__; m__ref_mOTU_v31_03928
ref_mOTU_v31_04030	k__Bacteria; p__Actinobacteria; c__Actinobacteria; o__Actinomycetales; f__Actinomycetaceae; g__Actinomycetaceae gen. [Actinomyces/Schaalia]; m__ref_mOTU_v31_04030
ref_mOTU_v31_04085	k__Bacteria; p__Firmicutes; c__Bacilli; o__Lactobacillales; f__Lactobacillaceae; g__Lactobacillus; m__ref_mOTU_v31_04085
ref_mOTU_v31_04194	k__Bacteria; p__Firmicutes; c__Bacilli; o__Bacillales; f__; g__; m__ref_mOTU_v31_04194
ref_mOTU_v31_04300	k__Bacteria; p__Proteobacteria; c__Deltaproteobacteria; o__Desulfovibrionales; f__Desulfovibrionaceae; g__Bilophila; m__ref_mOTU_v31_04300
ref_mOTU_v31_04336	k__Bacteria; p__Firmicutes; c__Clostridia; o__Clostridiales; f__Clostridiaceae; g__Clostridium; m__ref_mOTU_v31_04336
ref_mOTU_v31_04354	k__Bacteria; p__Firmicutes; c__Clostridia; o__Clostridiales; f__Clostridiaceae; g__Clostridium; m__ref_mOTU_v31_04354
ref_mOTU_v31_04396	k__Bacteria; p__Firmicutes; c__Bacilli; o__Lactobacillales; f__Lactobacillaceae; g__Lactobacillus; m__ref_mOTU_v31_04396
ref_mOTU_v31_04535	k__Bacteria; p__Actinobacteria; c__Actinobacteria; o__Corynebacteriales; f__Corynebacteriaceae; g__Corynebacterium; m__ref_mOTU_v31_04535
ref_mOTU_v31_04652	k__Bacteria; p__Firmicutes; c__Clostridia; o__Clostridiales; f__Lachnospiraceae; g__Lachnoclostridium; m__ref_mOTU_v31_04652
ref_mOTU_v31_04664	k__Bacteria; p__Firmicutes; c__Clostridia; o__Clostridiales; f__Oscillospiraceae; g__Oscillibacter; m__ref_mOTU_v31_04664
ref_mOTU_v31_04716	k__Bacteria; p__Firmicutes; c__Clostridia; o__Clostridiales; f__Ruminococcaceae; g__Ruthenibacterium; m__ref_mOTU_v31_04716
ref_mOTU_v31_05139	k__Bacteria; p__Firmicutes; c__Clostridia; o__Clostridiales; f__Lachnospiraceae; g__Blautia; m__ref_mOTU_v31_05139
ref_mOTU_v31_05195	k__Bacteria; p__Firmicutes; c__Clostridia; o__Clostridiales; f__Clostridiaceae; g__Clostridium; m__ref_mOTU_v31_05195
ref_mOTU_v31_05204	k__Bacteria; p__Firmicutes; c__Tissierellia; o__Tissierellales; f__Peptoniphilaceae; g__Peptoniphilus; m__ref_mOTU_v31_05204
ref_mOTU_v31_05236	k__Bacteria; p__Firmicutes; c__Clostridia; o__Clostridiales; f__Ruminococcaceae; g__Phocea; m__ref_mOTU_v31_05236
ref_mOTU_v31_05238	k__Bacteria; p__Firmicutes; c__Clostridia; o__Clostridiales; f__Ruminococcaceae; g__Flavonifractor; m__ref_mOTU_v31_05238
ref_mOTU_v31_05265	k__Bacteria; p__Actinobacteria; c__Actinobacteria; o__Micrococcales; f__Micrococcaceae; g__Rothia; m__ref_mOTU_v31_05265
ref_mOTU_v31_05401	k__Bacteria; p__Bacteroidetes; c__Bacteroidia; o__Bacteroidales; f__Tannerellaceae; g__Parabacteroides; m__ref_mOTU_v31_05401
ref_mOTU_v31_05921	k__Bacteria; p__Firmicutes; c__Erysipelotrichia; o__Erysipelotrichales; f__Erysipelotrichaceae; g__Holdemania; m__ref_mOTU_v31_05921
ref_mOTU_v31_05988	k__Bacteria; p__Firmicutes; c__Clostridia; o__Clostridiales; f__Ruminococcaceae; g__Gemmiger; m__ref_mOTU_v31_05988
ref_mOTU_v31_06108	k__Bacteria; p__Firmicutes; c__Clostridia; o__Clostridiales; f__Ruminococcaceae; g__Faecalibacterium; m__ref_mOTU_v31_06108
ref_mOTU_v31_06109	k__Bacteria; p__Firmicutes; c__Clostridia; o__Clostridiales; f__Ruminococcaceae; g__Faecalibacterium; m__ref_mOTU_v31_06109
ref_mOTU_v31_06110	k__Bacteria; p__Firmicutes; c__Clostridia; o__Clostridiales; f__Ruminococcaceae; g__Faecalibacterium; m__ref_mOTU_v31_06110
ref_mOTU_v31_06112	k__Bacteria; p__Firmicutes; c__Clostridia; o__Clostridiales; f__Ruminococcaceae; g__Faecalibacterium; m__ref_mOTU_v31_06112
ref_mOTU_v31_06131	k__Bacteria; p__Tenericutes; c__Mollicutes; o__Mycoplasmatales; f__Mycoplasmataceae; g__Ureaplasma; m__ref_mOTU_v31_06131
ref_mOTU_v31_06282	k__Bacteria; p__Proteobacteria; c__Deltaproteobacteria; o__Desulfovibrionales; f__Desulfovibrionaceae; g__Desulfovibrio; m__ref_mOTU_v31_06282
ref_mOTU_v31_06307	k__Bacteria; p__Actinobacteria; c__Coriobacteriia; o__Coriobacteriales; f__Coriobacteriaceae; g__Collinsella; m__ref_mOTU_v31_06307
ref_mOTU_v31_06308	k__Bacteria; p__Proteobacteria; c__Deltaproteobacteria; o__Desulfovibrionales; f__Desulfovibrionaceae; g__Desulfovibrio; m__ref_mOTU_v31_06308
ref_mOTU_v31_06316	k__Bacteria; p__Firmicutes; c__Firmicutes class [Clostridia/Erysipelotrichia]; o__Firmicutes order [Clostridiales/Erysipelotrichales]; f__Firmicutes fam. [Erysipelotrichaceae/Eubacteriaceae/Clostridiaceae]; g__Firmicutes gen. [Clostridium/Eubacterium]; m__ref_mOTU_v31_06316
ref_mOTU_v31_06317	k__Bacteria; p__Firmicutes; c__Clostridia; o__Clostridiales; f__Lachnospiraceae; g__Lachnoclostridium; m__ref_mOTU_v31_06317
ref_mOTU_v31_06695	k__Bacteria; p__Bacteroidetes; c__Bacteroidia; o__Bacteroidales; f__Rikenellaceae; g__Alistipes; m__ref_mOTU_v31_06695
ref_mOTU_v31_07315	k__Bacteria; p__Firmicutes; c__Clostridia; o__Clostridiales; f__Ruminococcaceae; g__Flavonifractor; m__ref_mOTU_v31_07315
ref_mOTU_v31_07592	k__Bacteria; p__Proteobacteria; c__Alphaproteobacteria; o__Rhodospirillales; f__Rhodospirillaceae; g__Azospirillum; m__ref_mOTU_v31_07592
ref_mOTU_v31_07613	k__Bacteria; p__Firmicutes; c__Clostridia; o__Clostridiales; f__Clostridiaceae; g__Clostridium; m__ref_mOTU_v31_07613
ref_mOTU_v31_07619	k__Bacteria; p__Firmicutes; c__Clostridia; o__Clostridiales; f__Clostridiaceae; g__Clostridium; m__ref_mOTU_v31_07619
ref_mOTU_v31_07640	k__Bacteria; p__Firmicutes; c__Clostridia; o__Clostridiales; f__Clostridiaceae; g__Clostridium; m__ref_mOTU_v31_07640
ref_mOTU_v31_07647	k__Bacteria; p__Firmicutes; c__Clostridia; o__Clostridiales; f__Clostridiaceae; g__Clostridium; m__ref_mOTU_v31_07647
ref_mOTU_v31_07664	k__Bacteria; p__Actinobacteria; c__Coriobacteriia; o__Eggerthellales; f__Eggerthellaceae; g__Cryptobacterium; m__ref_mOTU_v31_07664
ref_mOTU_v31_07668	k__Bacteria; p__Firmicutes; c__Clostridia; o__Clostridiales; f__Lachnospiraceae; g__Dorea; m__ref_mOTU_v31_07668
ref_mOTU_v31_07675	k__Bacteria; p__Firmicutes; c__Clostridia; o__Clostridiales; f__Eubacteriaceae; g__Eubacterium; m__ref_mOTU_v31_07675
ref_mOTU_v31_07679	k__Bacteria; p__Firmicutes; c__Clostridia; o__Clostridiales; f__Eubacteriaceae; g__Eubacterium; m__ref_mOTU_v31_07679
ref_mOTU_v31_07726	k__Bacteria; p__Firmicutes; c__; o__; f__; g__; m__ref_mOTU_v31_07726
ref_mOTU_v31_07728	k__Bacteria; p__Firmicutes; c__; o__; f__; g__; m__ref_mOTU_v31_07728
ref_mOTU_v31_07741	k__Bacteria; p__Firmicutes; c__; o__; f__; g__; m__ref_mOTU_v31_07741
ref_mOTU_v31_08058	k__Bacteria; p__Firmicutes; c__Clostridia; o__Clostridiales; f__Clostridiaceae; g__Clostridium; m__ref_mOTU_v31_08058
ref_mOTU_v31_08610	k__Bacteria; p__Firmicutes; c__Erysipelotrichia; o__Erysipelotrichales; f__Erysipelotrichaceae; g__Candidatus Stoquefichus; m__ref_mOTU_v31_08610
ref_mOTU_v31_08865	k__Bacteria; p__Firmicutes; c__Clostridia; o__Clostridiales; f__Clostridiaceae; g__Clostridium; m__ref_mOTU_v31_08865
ref_mOTU_v31_09167	k__Bacteria; p__Firmicutes; c__Clostridia; o__Clostridiales; f__Clostridiaceae; g__Clostridium; m__ref_mOTU_v31_09167
ref_mOTU_v31_10413	k__Bacteria; p__Firmicutes; c__Clostridia; o__Clostridiales; f__Oscillospiraceae; g__Oscillibacter; m__ref_mOTU_v31_10413
ref_mOTU_v31_11181	k__Bacteria; p__Firmicutes; c__Erysipelotrichia; o__Erysipelotrichales; f__Erysipelotrichaceae; g__Erysipelatoclostridium; m__ref_mOTU_v31_11181
ref_mOTU_v31_11279	k__Bacteria; p__Bacteroidetes; c__Bacteroidia; o__Bacteroidales; f__Bacteroidaceae; g__Bacteroides; m__ref_mOTU_v31_11279
ref_mOTU_v31_11382	k__Bacteria; p__Firmicutes; c__Erysipelotrichia; o__Erysipelotrichales; f__Erysipelotrichaceae; g__Holdemanella; m__ref_mOTU_v31_11382
ref_mOTU_v31_11823	k__Bacteria; p__Firmicutes; c__Negativicutes; o__Veillonellales; f__Veillonellaceae; g__Megasphaera; m__ref_mOTU_v31_11823
ref_mOTU_v31_11860	k__Bacteria; p__Bacteroidetes; c__Bacteroidia; o__Bacteroidales; f__Rikenellaceae; g__Alistipes; m__ref_mOTU_v31_11860
ref_mOTU_v31_11862	k__Bacteria; p__Actinobacteria; c__Coriobacteriia; o__Coriobacteriales; f__Coriobacteriaceae; g__Collinsella; m__ref_mOTU_v31_11862
