config	p	n	p_lt_n	gamma	selected_lambda	edges	density_pct	genuine_interior_min
family-prev10	10	34	True	0.05	0.2	17	37.778	True
family-prev10	10	34	True	0.1	0.45	4	8.889	True
family-prev10	10	34	True	0.15	0.45	4	8.889	True
family-prev10	10	34	True	0.2	0.45	4	8.889	True
family-prev10	10	34	True	0.25	0.45	4	8.889	True
family-prev10	10	34	True	0.3	0.45	4	8.889	True
family-prev10	10	34	True	0.4	0.75	0	0.0	False
family-prev10	10	34	True	0.5	0.75	0	0.0	False
family-prev10	10	34	True	0.7	0.75	0	0.0	False
family-prev15	6	34	True	0.05	0.5	0	0.0	False
family-prev15	6	34	True	0.1	0.5	0	0.0	False
family-prev15	6	34	True	0.15	0.5	0	0.0	False
family-prev15	6	34	True	0.2	0.5	0	0.0	False
family-prev15	6	34	True	0.25	0.5	0	0.0	False
family-prev15	6	34	True	0.3	0.5	0	0.0	False
family-prev15	6	34	True	0.4	0.5	0	0.0	False
family-prev15	6	34	True	0.5	0.5	0	0.0	False
family-prev15	6	34	True	0.7	0.5	0	0.0	False
family-prev3	37	34	False	0.05	0.05	287	43.093	False
family-prev3	37	34	False	0.1	0.05	287	43.093	False
family-prev3	37	34	False	0.15	0.15	176	26.426	True
family-prev3	37	34	False	0.2	0.15	176	26.426	True
family-prev3	37	34	False	0.25	0.15	176	26.426	True
family-prev3	37	34	False	0.3	0.15	176	26.426	True
family-prev3	37	34	False	0.4	1.0	0	0.0	False
family-prev3	37	34	False	0.5	1.0	0	0.0	False
family-prev3	37	34	False	0.7	1.0	0	0.0	False
family-prev5	21	34	True	0.05	0.1	85	40.476	True
family-prev5	21	34	True	0.1	0.1	85	40.476	True
family-prev5	21	34	True	0.15	0.1	85	40.476	True
family-prev5	21	34	True	0.2	0.1	85	40.476	True
family-prev5	21	34	True	0.25	0.1	85	40.476	True
family-prev5	21	34	True	0.3	0.15	74	35.238	True
family-prev5	21	34	True	0.4	1.0	0	0.0	False
family-prev5	21	34	True	0.5	1.0	0	0.0	False
family-prev5	21	34	True	0.7	1.0	0	0.0	False
genus-prev10	12	34	True	0.05	0.35	8	12.121	True
genus-prev10	12	34	True	0.1	0.35	8	12.121	True
genus-prev10	12	34	True	0.15	0.45	4	6.061	True
genus-prev10	12	34	True	0.2	0.45	4	6.061	True
genus-prev10	12	34	True	0.25	0.5	3	4.545	True
genus-prev10	12	34	True	0.3	0.5	3	4.545	True
genus-prev10	12	34	True	0.4	0.75	0	0.0	False
genus-prev10	12	34	True	0.5	0.75	0	0.0	False
genus-prev10	12	34	True	0.7	0.75	0	0.0	False
genus-prev15	8	34	True	0.05	0.4	1	3.571	True
genus-prev15	8	34	True	0.1	0.4	1	3.571	True
genus-prev15	8	34	True	0.15	0.4	1	3.571	True
genus-prev15	8	34	True	0.2	0.4	1	3.571	True
genus-prev15	8	34	True	0.25	0.4	1	3.571	True
genus-prev15	8	34	True	0.3	0.4	1	3.571	True
genus-prev15	8	34	True	0.4	0.4	1	3.571	True
genus-prev15	8	34	True	0.5	0.65	0	0.0	False
genus-prev15	8	34	True	0.7	0.65	0	0.0	False
genus-prev3	55	34	False	0.05	0.05	541	36.431	False
genus-prev3	55	34	False	0.1	0.1	409	27.542	True
genus-prev3	55	34	False	0.15	0.25	249	16.768	True
genus-prev3	55	34	False	0.2	0.25	249	16.768	True
genus-prev3	55	34	False	0.25	1.0	0	0.0	False
genus-prev3	55	34	False	0.3	1.0	0	0.0	False
genus-prev3	55	34	False	0.4	1.0	0	0.0	False
genus-prev3	55	34	False	0.5	1.0	0	0.0	False
genus-prev3	55	34	False	0.7	1.0	0	0.0	False
genus-prev5	29	34	True	0.05	0.1	146	35.961	True
genus-prev5	29	34	True	0.1	0.1	146	35.961	True
genus-prev5	29	34	True	0.15	0.1	146	35.961	True
genus-prev5	29	34	True	0.2	0.1	146	35.961	True
genus-prev5	29	34	True	0.25	0.2	112	27.586	True
genus-prev5	29	34	True	0.3	1.0	0	0.0	False
genus-prev5	29	34	True	0.4	1.0	0	0.0	False
genus-prev5	29	34	True	0.5	1.0	0	0.0	False
genus-prev5	29	34	True	0.7	1.0	0	0.0	False
order-prev10	9	34	True	0.05	0.65	0	0.0	False
order-prev10	9	34	True	0.1	0.65	0	0.0	False
order-prev10	9	34	True	0.15	0.65	0	0.0	False
order-prev10	9	34	True	0.2	0.65	0	0.0	False
order-prev10	9	34	True	0.25	0.65	0	0.0	False
order-prev10	9	34	True	0.3	0.65	0	0.0	False
order-prev10	9	34	True	0.4	0.65	0	0.0	False
order-prev10	9	34	True	0.5	0.65	0	0.0	False
order-prev10	9	34	True	0.7	0.65	0	0.0	False
order-prev15	5	34	True	0.05	0.4	0	0.0	False
order-prev15	5	34	True	0.1	0.4	0	0.0	False
order-prev15	5	34	True	0.15	0.4	0	0.0	False
order-prev15	5	34	True	0.2	0.4	0	0.0	False
order-prev15	5	34	True	0.25	0.4	0	0.0	False
order-prev15	5	34	True	0.3	0.4	0	0.0	False
order-prev15	5	34	True	0.4	0.4	0	0.0	False
order-prev15	5	34	True	0.5	0.4	0	0.0	False
order-prev15	5	34	True	0.7	0.4	0	0.0	False
order-prev3	21	34	True	0.05	0.05	121	57.619	False
order-prev3	21	34	True	0.1	0.1	95	45.238	True
order-prev3	21	34	True	0.15	0.3	55	26.19	True
order-prev3	21	34	True	0.2	0.3	55	26.19	True
order-prev3	21	34	True	0.25	0.3	55	26.19	True
order-prev3	21	34	True	0.3	1.0	0	0.0	False
order-prev3	21	34	True	0.4	1.0	0	0.0	False
order-prev3	21	34	True	0.5	1.0	0	0.0	False
order-prev3	21	34	True	0.7	1.0	0	0.0	False
order-prev5	15	34	True	0.05	0.15	47	44.762	True
order-prev5	15	34	True	0.1	0.15	47	44.762	True
order-prev5	15	34	True	0.15	0.15	47	44.762	True
order-prev5	15	34	True	0.2	0.4	24	22.857	True
order-prev5	15	34	True	0.25	0.85	0	0.0	False
order-prev5	15	34	True	0.3	0.85	0	0.0	False
order-prev5	15	34	True	0.4	0.85	0	0.0	False
order-prev5	15	34	True	0.5	0.85	0	0.0	False
order-prev5	15	34	True	0.7	0.85	0	0.0	False
species-prev10	12	34	True	0.05	0.3	10	15.152	True
species-prev10	12	34	True	0.1	0.3	10	15.152	True
species-prev10	12	34	True	0.15	0.3	10	15.152	True
species-prev10	12	34	True	0.2	0.3	10	15.152	True
species-prev10	12	34	True	0.25	0.65	0	0.0	False
species-prev10	12	34	True	0.3	0.65	0	0.0	False
species-prev10	12	34	True	0.4	0.65	0	0.0	False
species-prev10	12	34	True	0.5	0.65	0	0.0	False
species-prev10	12	34	True	0.7	0.65	0	0.0	False
species-prev15	4	34	True	0.05	0.3	0	0.0	False
species-prev15	4	34	True	0.1	0.3	0	0.0	False
species-prev15	4	34	True	0.15	0.3	0	0.0	False
species-prev15	4	34	True	0.2	0.3	0	0.0	False
species-prev15	4	34	True	0.25	0.3	0	0.0	False
species-prev15	4	34	True	0.3	0.3	0	0.0	False
species-prev15	4	34	True	0.4	0.3	0	0.0	False
species-prev15	4	34	True	0.5	0.3	0	0.0	False
species-prev15	4	34	True	0.7	0.3	0	0.0	False
species-prev3	93	34	False	0.05	0.05	1194	27.91	False
species-prev3	93	34	False	0.1	0.25	545	12.74	True
species-prev3	93	34	False	0.15	0.25	545	12.74	True
species-prev3	93	34	False	0.2	1.0	0	0.0	False
species-prev3	93	34	False	0.25	1.0	0	0.0	False
species-prev3	93	34	False	0.3	1.0	0	0.0	False
species-prev3	93	34	False	0.4	1.0	0	0.0	False
species-prev3	93	34	False	0.5	1.0	0	0.0	False
species-prev3	93	34	False	0.7	1.0	0	0.0	False
species-prev5	39	34	False	0.05	0.15	200	26.991	True
species-prev5	39	34	False	0.1	0.25	145	19.568	True
species-prev5	39	34	False	0.15	0.25	145	19.568	True
species-prev5	39	34	False	0.2	0.25	145	19.568	True
species-prev5	39	34	False	0.25	1.0	0	0.0	False
species-prev5	39	34	False	0.3	1.0	0	0.0	False
species-prev5	39	34	False	0.4	1.0	0	0.0	False
species-prev5	39	34	False	0.5	1.0	0	0.0	False
species-prev5	39	34	False	0.7	1.0	0	0.0	False
