feature_id	prevalence	total_counts	max_in_one_sample	taxon
ref_mOTU_v31_00085	23	9847.0	1892.0	k__Bacteria; p__Proteobacteria; c__Gammaproteobacteria; o__Enterobacterales; f__Enterobacteriaceae; g__Klebsiella; m__ref_mOTU_v31_00085
ref_mOTU_v31_00095	20	3328.0	1044.0	k__Bacteria; p__Proteobacteria; c__Gammaproteobacteria; o__Enterobacterales; f__Enterobacteriaceae; g__Escherichia; m__ref_mOTU_v31_00095
ref_mOTU_v31_00318	18	309.0	200.0	k__Bacteria; p__Firmicutes; c__Bacilli; o__Lactobacillales; f__Enterococcaceae; g__Enterococcus; m__ref_mOTU_v31_00318
ref_mOTU_v31_00077	15	1409.0	552.0	k__Bacteria; p__Proteobacteria; c__Gammaproteobacteria; o__Enterobacterales; f__Enterobacteriaceae; g__Enterobacter; m__ref_mOTU_v31_00077
ref_mOTU_v31_00346	15	796.0	530.0	k__Bacteria; p__Firmicutes; c__Bacilli; o__Bacillales; f__Staphylococcaceae; g__Staphylococcus; m__ref_mOTU_v31_00346
ref_mOTU_v31_01606	14	3480.0	2437.0	k__Bacteria; p__Firmicutes; c__Clostridia; o__Clostridiales; f__Clostridiaceae; g__Clostridium; m__ref_mOTU_v31_01606
ref_mOTU_v31_00086	14	947.0	451.0	k__Bacteria; p__Proteobacteria; c__Gammaproteobacteria; o__Enterobacterales; f__Enterobacteriaceae; g__Klebsiella; m__ref_mOTU_v31_00086
ref_mOTU_v31_01941	13	1128.0	300.0	k__Bacteria; p__Firmicutes; c__Negativicutes; o__Veillonellales; f__Veillonellaceae; g__Veillonella; m__ref_mOTU_v31_01941
ref_mOTU_v31_01940	12	213.0	58.0	k__Bacteria; p__Firmicutes; c__Negativicutes; o__Veillonellales; f__Veillonellaceae; g__Veillonella; m__ref_mOTU_v31_01940
ref_mOTU_v31_02367	11	916.0	457.0	k__Bacteria; p__Bacteroidetes; c__Bacteroidia; o__Bacteroidales; f__Bacteroidaceae; g__Bacteroides; m__ref_mOTU_v31_02367
ref_mOTU_v31_00283	11	57.0	43.0	k__Bacteria; p__Firmicutes; c__Bacilli; o__Lactobacillales; f__Streptococcaceae; g__Streptococcus; m__ref_mOTU_v31_00283
ref_mOTU_v31_01068	10	1131.0	1033.0	k__Bacteria; p__Proteobacteria; c__Gammaproteobacteria; o__Pasteurellales; f__Pasteurellaceae; g__Haemophilus; m__ref_mOTU_v31_01068
meta_mOTU_v31_13135	9	153.0	27.0	k__Bacteria; p__Firmicutes; c__Negativicutes; o__Veillonellales; f__Veillonellaceae; g__Veillonella; m__meta_mOTU_v31_13135
ref_mOTU_v31_00084	8	3244.0	1123.0	k__Bacteria; p__Proteobacteria; c__Gammaproteobacteria; o__Enterobacterales; f__Enterobacteriaceae; g__Klebsiella; m__ref_mOTU_v31_00084
ref_mOTU_v31_01938	8	817.0	342.0	k__Bacteria; p__Firmicutes; c__Negativicutes; o__Veillonellales; f__Veillonellaceae; g__Veillonella; m__ref_mOTU_v31_01938
ref_mOTU_v31_01939	8	65.0	34.0	k__Bacteria; p__Firmicutes; c__Negativicutes; o__Veillonellales; f__Veillonellaceae; g__Veillonella; m__ref_mOTU_v31_01939
ref_mOTU_v31_03475	7	123.0	79.0	k__Bacteria; p__Bacteroidetes; c__Bacteroidia; o__Bacteroidales; f__Bacteroidaceae; g__Bacteroides; m__ref_mOTU_v31_03475
ref_mOTU_v31_00504	7	20.0	9.0	k__Bacteria; p__Proteobacteria; c__Betaproteobacteria; o__Burkholderiales; f__Burkholderiaceae; g__Cupriavidus; m__ref_mOTU_v31_00504
ref_mOTU_v31_01099	6	154.0	84.0	k__Bacteria; p__Actinobacteria; c__Actinobacteria; o__Bifidobacteriales; f__Bifidobacteriaceae; g__Bifidobacterium; m__ref_mOTU_v31_01099
ref_mOTU_v31_01579	6	107.0	37.0	k__Bacteria; p__Bacteroidetes; c__Bacteroidia; o__Bacteroidales; f__Bacteroidaceae; g__Bacteroides; m__ref_mOTU_v31_01579
ref_mOTU_v31_03640	6	95.0	86.0	k__Bacteria; p__Bacteroidetes; c__Bacteroidia; o__Bacteroidales; f__Tannerellaceae; g__Parabacteroides; m__ref_mOTU_v31_03640
ref_mOTU_v31_00344	6	34.0	23.0	k__Bacteria; p__Firmicutes; c__Bacilli; o__Bacillales; f__Staphylococcaceae; g__Staphylococcus; m__ref_mOTU_v31_00344
ref_mOTU_v31_01350	6	24.0	11.0	k__Bacteria; p__Firmicutes; c__Bacilli; o__Lactobacillales; f__Streptococcaceae; g__Streptococcus; m__ref_mOTU_v31_01350
ref_mOTU_v31_00855	5	204.0	136.0	k__Bacteria; p__Bacteroidetes; c__Bacteroidia; o__Bacteroidales; f__Bacteroidaceae; g__Bacteroides; m__ref_mOTU_v31_00855
ref_mOTU_v31_02864	5	89.0	77.0	k__Bacteria; p__Actinobacteria; c__Actinobacteria; o__Propionibacteriales; f__Propionibacteriaceae; g__Cutibacterium; m__ref_mOTU_v31_02864
ref_mOTU_v31_01657	5	44.0	30.0	k__Bacteria; p__Bacteroidetes; c__Bacteroidia; o__Bacteroidales; f__Bacteroidaceae; g__Bacteroides; m__ref_mOTU_v31_01657
ref_mOTU_v31_03683	5	41.0	17.0	k__Bacteria; p__Bacteroidetes; c__Bacteroidia; o__Bacteroidales; f__Rikenellaceae; g__Alistipes; m__ref_mOTU_v31_03683
ref_mOTU_v31_04300	5	36.0	26.0	k__Bacteria; p__Proteobacteria; c__Deltaproteobacteria; o__Desulfovibrionales; f__Desulfovibrionaceae; g__Bilophila; m__ref_mOTU_v31_04300
ref_mOTU_v31_03641	5	23.0	15.0	k__Bacteria; p__Firmicutes; c__Firmicutes class [Negativicutes/Bacilli]; o__Firmicutes order [Acidaminococcales/Lactobacillales]; f__Firmicutes fam. [Carnobacteriaceae/Acidaminococcaceae]; g__Firmicutes gen. [Carnobacterium/Phascolarctobacterium]; m__ref_mOTU_v31_03641
ref_mOTU_v31_03657	5	23.0	16.0	k__Bacteria; p__Firmicutes; c__Clostridia; o__Clostridiales; f__Lachnospiraceae; g__; m__ref_mOTU_v31_03657
ref_mOTU_v31_03691	5	21.0	11.0	k__Bacteria; p__Firmicutes; c__Negativicutes; o__Veillonellales; f__Veillonellaceae; g__Dialister; m__ref_mOTU_v31_03691
ref_mOTU_v31_05238	5	16.0	8.0	k__Bacteria; p__Firmicutes; c__Clostridia; o__Clostridiales; f__Ruminococcaceae; g__Flavonifractor; m__ref_mOTU_v31_05238
ref_mOTU_v31_00857	5	14.0	5.0	k__Bacteria; p__Firmicutes; c__Clostridia; o__Clostridiales; f__Lachnospiraceae; g__Anaerostipes; m__ref_mOTU_v31_00857
ref_mOTU_v31_02154	5	12.0	4.0	k__Bacteria; p__Firmicutes; c__Clostridia; o__Clostridiales; f__Lachnospiraceae; g__Blautia; m__ref_mOTU_v31_02154
ref_mOTU_v31_02971	5	12.0	6.0	k__Bacteria; p__Firmicutes; c__Clostridia; o__Clostridiales; f__Ruminococcaceae; g__Flavonifractor; m__ref_mOTU_v31_02971
ref_mOTU_v31_06112	5	10.0	3.0	k__Bacteria; p__Firmicutes; c__Clostridia; o__Clostridiales; f__Ruminococcaceae; g__Faecalibacterium; m__ref_mOTU_v31_06112
ref_mOTU_v31_07647	5	7.0	2.0	k__Bacteria; p__Firmicutes; c__Clostridia; o__Clostridiales; f__Clostridiaceae; g__Clostridium; m__ref_mOTU_v31_07647
ref_mOTU_v31_03442	5	6.0	2.0	k__Bacteria; p__Firmicutes; c__Clostridia; o__Clostridiales; f__Lachnospiraceae; g__Lachnoclostridium; m__ref_mOTU_v31_03442
meta_mOTU_v31_12609	5	5.0	1.0	k__Bacteria; p__Firmicutes; c__Clostridia; o__Clostridiales; f__Clostridiaceae; g__Clostridium; m__meta_mOTU_v31_12609
ref_mOTU_v31_00087	4	432.0	293.0	k__Bacteria; p__Proteobacteria; c__Gammaproteobacteria; o__Enterobacterales; f__Enterobacteriaceae; g__Raoultella; m__ref_mOTU_v31_00087
ref_mOTU_v31_01098	4	213.0	92.0	k__Bacteria; p__Actinobacteria; c__Actinobacteria; o__Bifidobacteriales; f__Bifidobacteriaceae; g__Bifidobacterium; m__ref_mOTU_v31_01098
ref_mOTU_v31_00312	4	159.0	127.0	k__Bacteria; p__Firmicutes; c__Bacilli; o__Lactobacillales; f__Streptococcaceae; g__Streptococcus; m__ref_mOTU_v31_00312
ext_mOTU_v31_17914	4	40.0	20.0	k__Bacteria; p__Firmicutes; c__Negativicutes; o__Veillonellales; f__Veillonellaceae; g__Veillonella; m__ext_mOTU_v31_17914
ref_mOTU_v31_03804	4	35.0	27.0	k__Bacteria; p__Firmicutes; c__Clostridia; o__Clostridiales; f__Clostridiaceae; g__Clostridium; m__ref_mOTU_v31_03804
ref_mOTU_v31_03703	4	25.0	22.0	k__Bacteria; p__Firmicutes; c__Clostridia; o__Clostridiales; f__Lachnospiraceae; g__Blautia; m__ref_mOTU_v31_03703
ext_mOTU_v31_29425	4	20.0	11.0	k__Bacteria; p__Firmicutes; c__Negativicutes; o__Veillonellales; f__Veillonellaceae; g__Veillonella; m__ext_mOTU_v31_29425
ref_mOTU_v31_03341	4	20.0	10.0	k__Bacteria; p__Firmicutes; c__Clostridia; o__Clostridiales; f__Oscillospiraceae; g__Oscillibacter; m__ref_mOTU_v31_03341
meta_mOTU_v31_12476	4	19.0	12.0	k__Bacteria; p__Firmicutes; c__Clostridia; o__Clostridiales; f__; g__; m__meta_mOTU_v31_12476
ref_mOTU_v31_02790	4	17.0	13.0	k__Bacteria; p__Actinobacteria; c__Actinobacteria; o__Propionibacteriales; f__Propionibacteriaceae; g__Cutibacterium; m__ref_mOTU_v31_02790
ref_mOTU_v31_05204	4	17.0	13.0	k__Bacteria; p__Firmicutes; c__Tissierellia; o__Tissierellales; f__Peptoniphilaceae; g__Peptoniphilus; m__ref_mOTU_v31_05204
ref_mOTU_v31_05401	4	17.0	9.0	k__Bacteria; p__Bacteroidetes; c__Bacteroidia; o__Bacteroidales; f__Tannerellaceae; g__Parabacteroides; m__ref_mOTU_v31_05401
ref_mOTU_v31_00096	4	16.0	7.0	k__Bacteria; p__Proteobacteria; c__Gammaproteobacteria; o__Enterobacterales; f__Enterobacteriaceae; g__Citrobacter; m__ref_mOTU_v31_00096
meta_mOTU_v31_12366	4	15.0	12.0	k__Bacteria; p__Firmicutes; c__Clostridia; o__Clostridiales; f__Lachnospiraceae; g__Roseburia; m__meta_mOTU_v31_12366
meta_mOTU_v31_12785	4	15.0	10.0	k__Bacteria; p__Proteobacteria; c__Betaproteobacteria; o__Burkholderiales; f__; g__; m__meta_mOTU_v31_12785
meta_mOTU_v31_12473	4	14.0	11.0	k__Bacteria; p__Firmicutes; c__Clostridia; o__Clostridiales; f__; g__; m__meta_mOTU_v31_12473
ref_mOTU_v31_01594	4	13.0	10.0	k__Bacteria; p__Firmicutes; c__Clostridia; o__Clostridiales; f__Lachnospiraceae; g__Blautia; m__ref_mOTU_v31_01594
ref_mOTU_v31_07315	4	13.0	8.0	k__Bacteria; p__Firmicutes; c__Clostridia; o__Clostridiales; f__Ruminococcaceae; g__Flavonifractor; m__ref_mOTU_v31_07315
ref_mOTU_v31_03673	4	9.0	5.0	k__Bacteria; p__Proteobacteria; c__Gammaproteobacteria; o__Pseudomonadales; f__Moraxellaceae; g__Acinetobacter; m__ref_mOTU_v31_03673
ref_mOTU_v31_04716	4	9.0	4.0	k__Bacteria; p__Firmicutes; c__Clostridia; o__Clostridiales; f__Ruminococcaceae; g__Ruthenibacterium; m__ref_mOTU_v31_04716
ref_mOTU_v31_06110	4	9.0	3.0	k__Bacteria; p__Firmicutes; c__Clostridia; o__Clostridiales; f__Ruminococcaceae; g__Faecalibacterium; m__ref_mOTU_v31_06110
ref_mOTU_v31_02968	4	4.0	1.0	k__Bacteria; p__Firmicutes; c__Clostridia; o__Clostridiales; f__Clostridiales fam. [Clostridiaceae/Ruminococcaceae]; g__Clostridiales gen. [Clostridium/Flavonifractor]; m__ref_mOTU_v31_02968
ref_mOTU_v31_07640	4	4.0	1.0	k__Bacteria; p__Firmicutes; c__Clostridia; o__Clostridiales; f__Clostridiaceae; g__Clostridium; m__ref_mOTU_v31_07640
ref_mOTU_v31_01597	3	144.0	141.0	k__Bacteria; p__Bacteroidetes; c__Bacteroidia; o__Bacteroidales; f__Bacteroidaceae; g__Bacteroides; m__ref_mOTU_v31_01597
ref_mOTU_v31_03473	3	65.0	57.0	k__Bacteria; p__Bacteroidetes; c__Bacteroidia; o__Bacteroidales; f__Bacteroidaceae; g__Bacteroides; m__ref_mOTU_v31_03473
ext_mOTU_v31_16302	3	59.0	57.0	k__Bacteria; p__Firmicutes; c__Clostridia; o__Clostridiales; f__Eubacteriaceae; g__Eubacterium; m__ext_mOTU_v31_16302
ref_mOTU_v31_02376	3	56.0	54.0	k__Bacteria; p__Firmicutes; c__Clostridia; o__Clostridiales; f__Eubacteriaceae; g__Eubacterium; m__ref_mOTU_v31_02376
ref_mOTU_v31_07675	3	46.0	43.0	k__Bacteria; p__Firmicutes; c__Clostridia; o__Clostridiales; f__Eubacteriaceae; g__Eubacterium; m__ref_mOTU_v31_07675
meta_mOTU_v31_13253	3	30.0	21.0	k__Bacteria; p__Proteobacteria; c__Gammaproteobacteria; o__Pasteurellales; f__Pasteurellaceae; g__; m__meta_mOTU_v31_13253
ref_mOTU_v31_02810	3	29.0	20.0	k__Bacteria; p__Bacteroidetes; c__Bacteroidia; o__Bacteroidales; f__Bacteroidaceae; g__Bacteroides; m__ref_mOTU_v31_02810
ref_mOTU_v31_03682	3	16.0	14.0	k__Bacteria; p__Bacteroidetes; c__Bacteroidia; o__Bacteroidales; f__Rikenellaceae; g__Alistipes; m__ref_mOTU_v31_03682
meta_mOTU_v31_12799	3	13.0	8.0	k__Bacteria; p__Firmicutes; c__Tissierellia; o__Tissierellales; f__Peptoniphilaceae; g__Anaerococcus; m__meta_mOTU_v31_12799
ref_mOTU_v31_02190	3	10.0	8.0	k__Bacteria; p__Firmicutes; c__Clostridia; o__Clostridiales; f__Lachnospiraceae; g__Anaerotignum; m__ref_mOTU_v31_02190
ref_mOTU_v31_02374	3	8.0	5.0	k__Bacteria; p__Firmicutes; c__Firmicutes class [Clostridia/Bacilli]; o__Firmicutes order [Clostridiales/Lactobacillales]; f__Firmicutes fam. [Lachnospiraceae/Lactobacillaceae]; g__Firmicutes gen. [Lactobacillus/Lachnospira]; m__ref_mOTU_v31_02374
ref_mOTU_v31_08865	3	8.0	5.0	k__Bacteria; p__Firmicutes; c__Clostridia; o__Clostridiales; f__Clostridiaceae; g__Clostridium; m__ref_mOTU_v31_08865
meta_mOTU_v31_12262	3	6.0	4.0	k__Bacteria; p__Bacteroidetes; c__Bacteroidia; o__Bacteroidales; f__; g__; m__meta_mOTU_v31_12262
meta_mOTU_v31_12284	3	6.0	3.0	k__Bacteria; p__Firmicutes; c__Clostridia; o__Clostridiales; f__; g__; m__meta_mOTU_v31_12284
ref_mOTU_v31_06108	3	6.0	3.0	k__Bacteria; p__Firmicutes; c__Clostridia; o__Clostridiales; f__Ruminococcaceae; g__Faecalibacterium; m__ref_mOTU_v31_06108
meta_mOTU_v31_13012	3	5.0	2.0	k__Bacteria; p__Firmicutes; c__Clostridia; o__Clostridiales; f__; g__; m__meta_mOTU_v31_13012
ref_mOTU_v31_00861	3	5.0	3.0	k__Bacteria; p__Firmicutes; c__Clostridia; o__Clostridiales; f__Lachnospiraceae; g__Roseburia; m__ref_mOTU_v31_00861
meta_mOTU_v31_12707	3	4.0	2.0	k__Bacteria; p__Firmicutes; c__Clostridia; o__Clostridiales; f__; g__; m__meta_mOTU_v31_12707
ref_mOTU_v31_00340	3	4.0	2.0	k__Bacteria; p__Firmicutes; c__Bacilli; o__Bacillales; f__Staphylococcaceae; g__Staphylococcus; m__ref_mOTU_v31_00340
ref_mOTU_v31_00800	3	4.0	2.0	k__Bacteria; p__Actinobacteria; c__Actinobacteria; o__Propionibacteriales; f__Propionibacteriaceae; g__Cutibacterium; m__ref_mOTU_v31_00800
ref_mOTU_v31_00860	3	4.0	2.0	k__Bacteria; p__Firmicutes; c__Clostridia; o__Clostridiales; f__Lachnospiraceae; g__Roseburia; m__ref_mOTU_v31_00860
ref_mOTU_v31_03342	3	4.0	2.0	k__Bacteria; p__Firmicutes; c__Clostridia; o__Clostridiales; f__Lachnospiraceae; g__Blautia; m__ref_mOTU_v31_03342
ref_mOTU_v31_03659	3	4.0	2.0	k__Bacteria; p__Firmicutes; c__Clostridia; o__Clostridiales; f__Lachnospiraceae; g__Blautia; m__ref_mOTU_v31_03659
ref_mOTU_v31_03660	3	4.0	2.0	k__Bacteria; p__Firmicutes; c__Clostridia; o__Clostridiales; f__Lachnospiraceae; g__Blautia; m__ref_mOTU_v31_03660
ref_mOTU_v31_03680	3	4.0	2.0	k__Bacteria; p__Firmicutes; c__Clostridia; o__Clostridiales; f__Clostridiaceae; g__Clostridium; m__ref_mOTU_v31_03680
ref_mOTU_v31_03687	3	4.0	2.0	k__Bacteria; p__Firmicutes; c__Clostridia; o__Clostridiales; f__Peptostreptococcaceae; g__Intestinibacter; m__ref_mOTU_v31_03687
ref_mOTU_v31_05139	3	4.0	2.0	k__Bacteria; p__Firmicutes; c__Clostridia; o__Clostridiales; f__Lachnospiraceae; g__Blautia; m__ref_mOTU_v31_05139
ext_mOTU_v31_17786	3	3.0	1.0	k__Bacteria; p__Proteobacteria; c__Betaproteobacteria; o__Burkholderiales; f__Sutterellaceae; g__; m__ext_mOTU_v31_17786
meta_mOTU_v31_12356	3	3.0	1.0	k__Bacteria; p__Firmicutes; c__Clostridia; o__Clostridiales; f__; g__; m__meta_mOTU_v31_12356
ref_mOTU_v31_01348	3	3.0	1.0	k__Bacteria; p__Firmicutes; c__Bacilli; o__Lactobacillales; f__Streptococcaceae; g__Streptococcus; m__ref_mOTU_v31_01348
ref_mOTU_v31_03432	3	3.0	1.0	k__Bacteria; p__Firmicutes; c__Negativicutes; o__Veillonellales; f__Veillonellaceae; g__Megasphaera; m__ref_mOTU_v31_03432
ref_mOTU_v31_03674	3	3.0	1.0	k__Bacteria; p__Proteobacteria; c__Betaproteobacteria; o__Burkholderiales; f__Sutterellaceae; g__Parasutterella; m__ref_mOTU_v31_03674
ref_mOTU_v31_00063	2	1036.0	575.0	k__Bacteria; p__Proteobacteria; c__Gammaproteobacteria; o__Enterobacterales; f__Enterobacteriaceae; g__Enterobacteriaceae gen. [Kosakonia/Enterobacter]; m__ref_mOTU_v31_00063
ref_mOTU_v31_00102	2	608.0	580.0	k__Bacteria; p__Proteobacteria; c__Gammaproteobacteria; o__Enterobacterales; f__Enterobacteriaceae; g__Citrobacter; m__ref_mOTU_v31_00102
ref_mOTU_v31_05195	2	429.0	380.0	k__Bacteria; p__Firmicutes; c__Clostridia; o__Clostridiales; f__Clostridiaceae; g__Clostridium; m__ref_mOTU_v31_05195
ref_mOTU_v31_00080	2	200.0	198.0	k__Bacteria; p__Proteobacteria; c__Gammaproteobacteria; o__Enterobacterales; f__Enterobacteriaceae; g__Pluralibacter; m__ref_mOTU_v31_00080
ref_mOTU_v31_01685	2	96.0	95.0	k__Bacteria; p__Actinobacteria; c__Actinobacteria; o__Corynebacteriales; f__Corynebacteriaceae; g__Corynebacterium; m__ref_mOTU_v31_01685
meta_mOTU_v31_12259	2	61.0	59.0	k__Bacteria; p__Firmicutes; c__Clostridia; o__Clostridiales; f__Ruminococcaceae; g__; m__meta_mOTU_v31_12259
meta_mOTU_v31_12254	2	54.0	53.0	k__Bacteria; p__Firmicutes; c__Clostridia; o__Clostridiales; f__; g__; m__meta_mOTU_v31_12254
ref_mOTU_v31_00801	2	45.0	44.0	k__Bacteria; p__Actinobacteria; c__Actinobacteria; o__Corynebacteriales; f__Corynebacteriaceae; g__Corynebacterium; m__ref_mOTU_v31_00801
ref_mOTU_v31_01039	2	40.0	28.0	k__Bacteria; p__Firmicutes; c__Bacilli; o__Lactobacillales; f__Lactobacillaceae; g__Lactobacillus; m__ref_mOTU_v31_01039
ref_mOTU_v31_01004	2	39.0	30.0	k__Bacteria; p__Fusobacteria; c__Fusobacteriia; o__Fusobacteriales; f__Fusobacteriaceae; g__Fusobacterium; m__ref_mOTU_v31_01004
meta_mOTU_v31_13218	2	33.0	31.0	k__Bacteria; p__Proteobacteria; c__Gammaproteobacteria; o__Pasteurellales; f__Pasteurellaceae; g__; m__meta_mOTU_v31_13218
ref_mOTU_v31_04336	2	24.0	23.0	k__Bacteria; p__Firmicutes; c__Clostridia; o__Clostridiales; f__Clostridiaceae; g__Clostridium; m__ref_mOTU_v31_04336
ext_mOTU_v31_18146	2	21.0	11.0	k__Bacteria; p__Firmicutes; c__Tissierellia; o__Tissierellales; f__Peptoniphilaceae; g__Anaerococcus; m__ext_mOTU_v31_18146
meta_mOTU_v31_12768	2	19.0	18.0	k__Bacteria; p__Firmicutes; c__Clostridia; o__Clostridiales; f__; g__; m__meta_mOTU_v31_12768
ref_mOTU_v31_03595	2	14.0	12.0	k__Bacteria; p__Bacteroidetes; c__Bacteroidia; o__Bacteroidales; f__Barnesiellaceae; g__Barnesiella; m__ref_mOTU_v31_03595
meta_mOTU_v31_12266	2	11.0	9.0	k__Bacteria; p__Firmicutes; c__Clostridia; o__Clostridiales; f__Lachnospiraceae; g__Tyzzerella; m__meta_mOTU_v31_12266
ref_mOTU_v31_03928	2	11.0	10.0	k__Bacteria; p__Firmicutes; c__Clostridia; o__Clostridiales; f__; g__; m__ref_mOTU_v31_03928
meta_mOTU_v31_12610	2	10.0	9.0	k__Bacteria; p__Firmicutes; c__Clostridia; o__Clostridiales; f__Oscillospiraceae; g__Oscillibacter; m__meta_mOTU_v31_12610
ref_mOTU_v31_00072	2	8.0	5.0	k__Bacteria; p__Proteobacteria; c__Gammaproteobacteria; o__Enterobacterales; f__Enterobacteriaceae; g__Leclercia; m__ref_mOTU_v31_00072
ext_mOTU_v31_26824	2	7.0	6.0	k__Bacteria; p__Bacteroidetes; c__Bacteroidia; o__Bacteroidales; f__Rikenellaceae; g__Alistipes; m__ext_mOTU_v31_26824
ref_mOTU_v31_03693	2	7.0	6.0	k__Bacteria; p__Firmicutes; c__Clostridia; o__Clostridiales; f__Lachnospiraceae; g__Dorea; m__ref_mOTU_v31_03693
ref_mOTU_v31_06695	2	7.0	6.0	k__Bacteria; p__Bacteroidetes; c__Bacteroidia; o__Bacteroidales; f__Rikenellaceae; g__Alistipes; m__ref_mOTU_v31_06695
meta_mOTU_v31_12331	2	6.0	5.0	k__Bacteria; p__Firmicutes; c__Clostridia; o__Clostridiales; f__Ruminococcaceae; g__Faecalibacterium; m__meta_mOTU_v31_12331
ref_mOTU_v31_01683	2	6.0	4.0	k__Bacteria; p__Firmicutes; c__Clostridia; o__Clostridiales; f__Lachnospiraceae; g__Coprococcus; m__ref_mOTU_v31_01683
ref_mOTU_v31_03069	2	6.0	5.0	k__Bacteria; p__Bacteroidetes; c__Bacteroidia; o__Bacteroidales; f__Rikenellaceae; g__Alistipes; m__ref_mOTU_v31_03069
ref_mOTU_v31_03474	2	6.0	4.0	k__Bacteria; p__Bacteroidetes; c__Bacteroidia; o__Bacteroidales; f__Bacteroidaceae; g__Bacteroides; m__ref_mOTU_v31_03474
meta_mOTU_v31_12301	2	5.0	4.0	k__Bacteria; p__Firmicutes; c__Clostridia; o__Clostridiales; f__; g__; m__meta_mOTU_v31_12301
meta_mOTU_v31_13295	2	5.0	4.0	k__Bacteria; p__Firmicutes; c__Clostridia; o__Clostridiales; f__Ruminococcaceae; g__Anaeromassilibacillus; m__meta_mOTU_v31_13295
ref_mOTU_v31_03647	2	5.0	4.0	k__Bacteria; p__Bacteroidetes; c__Bacteroidia; o__Bacteroidales; f__Prevotellaceae; g__Prevotella; m__ref_mOTU_v31_03647
ext_mOTU_v31_17824	2	4.0	2.0	k__Bacteria; p__Firmicutes; c__Tissierellia; o__Tissierellales; f__Peptoniphilaceae; g__Finegoldia; m__ext_mOTU_v31_17824
meta_mOTU_v31_12227	2	4.0	3.0	k__Bacteria; p__Firmicutes; c__; o__; f__; g__; m__meta_mOTU_v31_12227
meta_mOTU_v31_12325	2	4.0	2.0	k__Bacteria; p__Firmicutes; c__Clostridia; o__Clostridiales; f__Ruminococcaceae; g__Faecalibacterium; m__meta_mOTU_v31_12325
meta_mOTU_v31_12554	2	4.0	3.0	k__Bacteria; p__Firmicutes; c__Clostridia; o__Clostridiales; f__; g__; m__meta_mOTU_v31_12554
ref_mOTU_v31_02152	2	4.0	2.0	k__Bacteria; p__Firmicutes; c__Clostridia; o__Clostridiales; f__Lachnospiraceae; g__Blautia; m__ref_mOTU_v31_02152
ref_mOTU_v31_03591	2	4.0	3.0	k__Bacteria; p__Verrucomicrobia; c__Verrucomicrobiae; o__Verrucomicrobiales; f__Akkermansiaceae; g__Akkermansia; m__ref_mOTU_v31_03591
ext_mOTU_v31_17946	2	3.0	2.0	k__Bacteria; p__Firmicutes; c__Clostridia; o__Clostridiales; f__; g__; m__ext_mOTU_v31_17946
ext_mOTU_v31_26960	2	3.0	2.0	k__Bacteria; p__Bacteroidetes; c__Bacteroidia; o__Bacteroidales; f__Bacteroidaceae; g__Bacteroides; m__ext_mOTU_v31_26960
meta_mOTU_v31_12240	2	3.0	2.0	k__Bacteria; p__Firmicutes; c__Clostridia; o__Clostridiales; f__Lachnospiraceae; g__; m__meta_mOTU_v31_12240
meta_mOTU_v31_12309	2	3.0	2.0	k__Bacteria; p__Firmicutes; c__Clostridia; o__Clostridiales; f__; g__; m__meta_mOTU_v31_12309
meta_mOTU_v31_12762	2	3.0	2.0	k__Bacteria; p__Firmicutes; c__Clostridia; o__Clostridiales; f__Clostridiaceae; g__Clostridium; m__meta_mOTU_v31_12762
ref_mOTU_v31_00060	2	3.0	2.0	k__Bacteria; p__Proteobacteria; c__Gammaproteobacteria; o__Enterobacterales; f__Enterobacteriaceae; g__Cronobacter; m__ref_mOTU_v31_00060
ref_mOTU_v31_03437	2	3.0	2.0	k__Bacteria; p__Firmicutes; c__Clostridia; o__Clostridiales; f__Lachnospiraceae; g__Lachnoclostridium; m__ref_mOTU_v31_03437
ref_mOTU_v31_03630	2	3.0	2.0	k__Bacteria; p__Firmicutes; c__Negativicutes; o__Veillonellales; f__Veillonellaceae; g__Dialister; m__ref_mOTU_v31_03630
ref_mOTU_v31_03661	2	3.0	2.0	k__Bacteria; p__Firmicutes; c__Clostridia; o__Clostridiales; f__Clostridiales fam. [Lachnospiraceae/Clostridiaceae/Ruminococcaceae]; g__Clostridiales gen. [Ruminococcus/Clostridium/Blautia]; m__ref_mOTU_v31_03661
ref_mOTU_v31_03700	2	3.0	2.0	k__Bacteria; p__Firmicutes; c__Negativicutes; o__Acidaminococcales; f__Acidaminococcaceae; g__Phascolarctobacterium; m__ref_mOTU_v31_03700
ref_mOTU_v31_06109	2	3.0	2.0	k__Bacteria; p__Firmicutes; c__Clostridia; o__Clostridiales; f__Ruminococcaceae; g__Faecalibacterium; m__ref_mOTU_v31_06109
ref_mOTU_v31_06316	2	3.0	2.0	k__Bacteria; p__Firmicutes; c__Firmicutes class [Clostridia/Erysipelotrichia]; o__Firmicutes order [Clostridiales/Erysipelotrichales]; f__Firmicutes fam. [Erysipelotrichaceae/Eubacteriaceae/Clostridiaceae]; g__Firmicutes gen. [Clostridium/Eubacterium]; m__ref_mOTU_v31_06316
ref_mOTU_v31_07728	2	3.0	2.0	k__Bacteria; p__Firmicutes; c__; o__; f__; g__; m__ref_mOTU_v31_07728
ext_mOTU_v31_17878	2	2.0	1.0	k__Bacteria; p__Bacteroidetes; c__Bacteroidia; o__Bacteroidales; f__Bacteroidaceae; g__Bacteroides; m__ext_mOTU_v31_17878
meta_mOTU_v31_12314	2	2.0	1.0	k__Bacteria; p__Firmicutes; c__Clostridia; o__Clostridiales; f__Eubacteriaceae; g__Eubacterium; m__meta_mOTU_v31_12314
meta_mOTU_v31_12324	2	2.0	1.0	k__Bacteria; p__Firmicutes; c__Clostridia; o__Clostridiales; f__Clostridiaceae; g__Clostridium; m__meta_mOTU_v31_12324
meta_mOTU_v31_12403	2	2.0	1.0	k__Bacteria; p__Firmicutes; c__Clostridia; o__Clostridiales; f__Ruminococcaceae; g__Faecalibacterium; m__meta_mOTU_v31_12403
ref_mOTU_v31_02135	2	2.0	1.0	k__Bacteria; p__Bacteroidetes; c__Bacteroidia; o__Bacteroidales; f__Bacteroidaceae; g__Bacteroides; m__ref_mOTU_v31_02135
ref_mOTU_v31_02701	2	2.0	1.0	k__Bacteria; p__Actinobacteria; c__Actinobacteria; o__Bifidobacteriales; f__Bifidobacteriaceae; g__Bifidobacterium; m__ref_mOTU_v31_02701
ref_mOTU_v31_03626	2	2.0	1.0	k__Bacteria; p__Actinobacteria; c__Coriobacteriia; o__Coriobacteriales; f__Coriobacteriaceae; g__Collinsella; m__ref_mOTU_v31_03626
ref_mOTU_v31_03632	2	2.0	1.0	k__Bacteria; p__Firmicutes; c__Clostridia; o__Clostridiales; f__Eubacteriaceae; g__Eubacterium; m__ref_mOTU_v31_03632
ref_mOTU_v31_03633	2	2.0	1.0	k__Bacteria; p__Firmicutes; c__Clostridia; o__Clostridiales; f__Eubacteriaceae; g__Eubacterium; m__ref_mOTU_v31_03633
ref_mOTU_v31_03668	2	2.0	1.0	k__Bacteria; p__Firmicutes; c__Clostridia; o__Clostridiales; f__Lachnospiraceae; g__Dorea; m__ref_mOTU_v31_03668
ref_mOTU_v31_03690	2	2.0	1.0	k__Bacteria; p__Firmicutes; c__Clostridia; o__Clostridiales; f__Lachnospiraceae; g__Coprococcus; m__ref_mOTU_v31_03690
ref_mOTU_v31_03692	2	2.0	1.0	k__Bacteria; p__Firmicutes; c__Clostridia; o__Clostridiales; f__Lachnospiraceae; g__Dorea; m__ref_mOTU_v31_03692
ref_mOTU_v31_05265	2	2.0	1.0	k__Bacteria; p__Actinobacteria; c__Actinobacteria; o__Micrococcales; f__Micrococcaceae; g__Rothia; m__ref_mOTU_v31_05265
ref_mOTU_v31_09167	2	2.0	1.0	k__Bacteria; p__Firmicutes; c__Clostridia; o__Clostridiales; f__Clostridiaceae; g__Clostridium; m__ref_mOTU_v31_09167
ref_mOTU_v31_08058	1	344.0	344.0	k__Bacteria; p__Firmicutes; c__Clostridia; o__Clostridiales; f__Clostridiaceae; g__Clostridium; m__ref_mOTU_v31_08058
meta_mOTU_v31_14033	1	73.0	73.0	k__Bacteria; p__Firmicutes; c__Clostridia; o__Clostridiales; f__Clostridiaceae; g__Clostridium; m__meta_mOTU_v31_14033
ref_mOTU_v31_07741	1	45.0	45.0	k__Bacteria; p__Firmicutes; c__; o__; f__; g__; m__ref_mOTU_v31_07741
ext_mOTU_v31_17861	1	33.0	33.0	k__Bacteria; p__Fusobacteria; c__Fusobacteriia; o__Fusobacteriales; f__Fusobacteriaceae; g__Fusobacterium; m__ext_mOTU_v31_17861
ref_mOTU_v31_05988	1	33.0	33.0	k__Bacteria; p__Firmicutes; c__Clostridia; o__Clostridiales; f__Ruminococcaceae; g__Gemmiger; m__ref_mOTU_v31_05988
ref_mOTU_v31_02698	1	32.0	32.0	k__Bacteria; p__Actinobacteria; c__Actinobacteria; o__Bifidobacteriales; f__Bifidobacteriaceae; g__Bifidobacterium; m__ref_mOTU_v31_02698
meta_mOTU_v31_12973	1	30.0	30.0	k__Bacteria; p__Bacteroidetes; c__Bacteroidia; o__Bacteroidales; f__Rikenellaceae; g__Alistipes; m__meta_mOTU_v31_12973
ref_mOTU_v31_03701	1	24.0	24.0	k__Bacteria; p__Bacteroidetes; c__Bacteroidia; o__Bacteroidales; f__Prevotellaceae; g__Prevotella; m__ref_mOTU_v31_03701
meta_mOTU_v31_12376	1	16.0	16.0	k__Bacteria; p__Firmicutes; c__Clostridia; o__Clostridiales; f__Ruminococcaceae; g__Faecalibacterium; m__meta_mOTU_v31_12376
ref_mOTU_v31_03594	1	16.0	16.0	k__Bacteria; p__Bacteria phylum [Proteobacteria/Firmicutes]; c__Bacteria class [Alphaproteobacteria/Bacilli]; o__Bacteria order [Lactobacillales/Rhodospirillales]; f__Bacteria fam. [Lactobacillaceae/Rhodospirillaceae]; g__Bacteria gen. [Rhodospirillum/Lactobacillus/Azospirillum]; m__ref_mOTU_v31_03594
meta_mOTU_v31_12233	1	15.0	15.0	k__Bacteria; p__Firmicutes; c__Clostridia; o__Clostridiales; f__Clostridiaceae; g__Clostridium; m__meta_mOTU_v31_12233
meta_mOTU_v31_12404	1	15.0	15.0	k__Bacteria; p__Firmicutes; c__Clostridia; o__Clostridiales; f__; g__; m__meta_mOTU_v31_12404
ext_mOTU_v31_18029	1	14.0	14.0	k__Bacteria; p__Firmicutes; c__Negativicutes; o__Veillonellales; f__Veillonellaceae; g__; m__ext_mOTU_v31_18029
ref_mOTU_v31_03571	1	14.0	14.0	k__Bacteria; p__Firmicutes; c__Tissierellia; o__Tissierellales; f__Peptoniphilaceae; g__Finegoldia; m__ref_mOTU_v31_03571
ref_mOTU_v31_04354	1	14.0	14.0	k__Bacteria; p__Firmicutes; c__Clostridia; o__Clostridiales; f__Clostridiaceae; g__Clostridium; m__ref_mOTU_v31_04354
ext_mOTU_v31_27224	1	13.0	13.0	k__Bacteria; p__Firmicutes; c__Clostridia; o__Clostridiales; f__Ruminococcaceae; g__Ruminococcus; m__ext_mOTU_v31_27224
ref_mOTU_v31_00853	1	13.0	13.0	k__Bacteria; p__Firmicutes; c__Clostridia; o__Clostridiales; f__Ruminococcaceae; g__Ruminococcus; m__ref_mOTU_v31_00853
ref_mOTU_v31_04194	1	11.0	11.0	k__Bacteria; p__Firmicutes; c__Bacilli; o__Bacillales; f__; g__; m__ref_mOTU_v31_04194
ref_mOTU_v31_04664	1	11.0	11.0	k__Bacteria; p__Firmicutes; c__Clostridia; o__Clostridiales; f__Oscillospiraceae; g__Oscillibacter; m__ref_mOTU_v31_04664
meta_mOTU_v31_12463	1	9.0	9.0	k__Bacteria; p__Firmicutes; c__Clostridia; o__Clostridiales; f__; g__; m__meta_mOTU_v31_12463
ext_mOTU_v31_16330	1	7.0	7.0	k__Bacteria; p__Firmicutes; c__Clostridia; o__Clostridiales; f__Ruminococcaceae; g__; m__ext_mOTU_v31_16330
ref_mOTU_v31_03343	1	7.0	7.0	k__Bacteria; p__Firmicutes; c__Clostridia; o__Clostridiales; f__Clostridiaceae; g__Clostridium; m__ref_mOTU_v31_03343
ext_mOTU_v31_17888	1	6.0	6.0	k__Bacteria; p__Bacteroidetes; c__Bacteroidia; o__Bacteroidales; f__Muribaculaceae; g__; m__ext_mOTU_v31_17888
meta_mOTU_v31_12417	1	6.0	6.0	k__Bacteria; p__Firmicutes; c__Clostridia; o__Clostridiales; f__Clostridiaceae; g__Clostridium; m__meta_mOTU_v31_12417
meta_mOTU_v31_13280	1	6.0	6.0	k__Bacteria; p__Firmicutes; c__Clostridia; o__Clostridiales; f__; g__; m__meta_mOTU_v31_13280
ref_mOTU_v31_01002	1	6.0	6.0	k__Bacteria; p__Fusobacteria; c__Fusobacteriia; o__Fusobacteriales; f__Fusobacteriaceae; g__Fusobacterium; m__ref_mOTU_v31_01002
ref_mOTU_v31_02140	1	6.0	6.0	k__Bacteria; p__Bacteroidetes; c__Bacteroidia; o__Bacteroidales; f__Bacteroidaceae; g__Bacteroides; m__ref_mOTU_v31_02140
ref_mOTU_v31_02792	1	6.0	6.0	k__Bacteria; p__Firmicutes; c__Clostridia; o__Clostridiales; f__Ruminococcaceae; g__Ruminococcus; m__ref_mOTU_v31_02792
ref_mOTU_v31_03688	1	6.0	6.0	k__Bacteria; p__Firmicutes; c__Clostridia; o__Clostridiales; f__Ruminococcaceae; g__; m__ref_mOTU_v31_03688
meta_mOTU_v31_13147	1	5.0	5.0	k__Bacteria; p__Firmicutes; c__Clostridia; o__Clostridiales; f__; g__; m__meta_mOTU_v31_13147
meta_mOTU_v31_13962	1	5.0	5.0	k__Bacteria; p__Proteobacteria; c__Betaproteobacteria; o__Burkholderiales; f__Sutterellaceae; g__Sutterella; m__meta_mOTU_v31_13962
ref_mOTU_v31_03066	1	5.0	5.0	k__Bacteria; p__Proteobacteria; c__Betaproteobacteria; o__Burkholderiales; f__Sutterellaceae; g__Sutterella; m__ref_mOTU_v31_03066
ext_mOTU_v31_16242	1	4.0	4.0	k__Bacteria; p__Firmicutes; c__Clostridia; o__Clostridiales; f__; g__; m__ext_mOTU_v31_16242
meta_mOTU_v31_12288	1	4.0	4.0	k__Bacteria; p__Firmicutes; c__Clostridia; o__Clostridiales; f__; g__; m__meta_mOTU_v31_12288
meta_mOTU_v31_12635	1	4.0	4.0	k__Bacteria; p__Firmicutes; c__Clostridia; o__Clostridiales; f__; g__; m__meta_mOTU_v31_12635
meta_mOTU_v31_12654	1	4.0	4.0	k__Bacteria; p__Firmicutes; c__Clostridia; o__Clostridiales; f__; g__; m__meta_mOTU_v31_12654
ref_mOTU_v31_01077	1	4.0	4.0	k__Bacteria; p__Firmicutes; c__Clostridia; o__Clostridiales; f__Peptostreptococcaceae; g__Peptostreptococcus; m__ref_mOTU_v31_01077
ref_mOTU_v31_01349	1	4.0	4.0	k__Bacteria; p__Firmicutes; c__Bacilli; o__Lactobacillales; f__Streptococcaceae; g__Streptococcus; m__ref_mOTU_v31_01349
ext_mOTU_v31_16446	1	3.0	3.0	k__Bacteria; p__Firmicutes; c__Clostridia; o__Clostridiales; f__Ruminococcaceae; g__Flavonifractor; m__ext_mOTU_v31_16446
ext_mOTU_v31_16533	1	3.0	3.0	k__Bacteria; p__Firmicutes; c__Clostridia; o__Clostridiales; f__Ruminococcaceae; g__; m__ext_mOTU_v31_16533
ext_mOTU_v31_17541	1	3.0	3.0	k__Bacteria; p__Firmicutes; c__Clostridia; o__Clostridiales; f__; g__; m__ext_mOTU_v31_17541
ext_mOTU_v31_17871	1	3.0	3.0	k__Bacteria; p__Firmicutes; c__Clostridia; o__Clostridiales; f__Oscillospiraceae; g__Oscillibacter; m__ext_mOTU_v31_17871
ext_mOTU_v31_18028	1	3.0	3.0	k__Bacteria; p__Firmicutes; c__Clostridia; o__Clostridiales; f__Ruminococcaceae; g__; m__ext_mOTU_v31_18028
ext_mOTU_v31_18031	1	3.0	3.0	k__Bacteria; p__Firmicutes; c__Clostridia; o__Clostridiales; f__Oscillospiraceae; g__Oscillibacter; m__ext_mOTU_v31_18031
ext_mOTU_v31_18046	1	3.0	3.0	k__Bacteria; p__Firmicutes; c__; o__; f__; g__; m__ext_mOTU_v31_18046
ext_mOTU_v31_18233	1	3.0	3.0	k__Bacteria; p__Firmicutes; c__Clostridia; o__Clostridiales; f__Oscillospiraceae; g__Oscillibacter; m__ext_mOTU_v31_18233
ext_mOTU_v31_26761	1	3.0	3.0	k__Bacteria; p__Firmicutes; c__Clostridia; o__Clostridiales; f__Lachnospiraceae; g__Lachnoclostridium; m__ext_mOTU_v31_26761
ext_mOTU_v31_27078	1	3.0	3.0	k__Bacteria; p__Firmicutes; c__Clostridia; o__Clostridiales; f__Lachnospiraceae; g__; m__ext_mOTU_v31_27078
ext_mOTU_v31_27225	1	3.0	3.0	k__Bacteria; p__Firmicutes; c__Clostridia; o__Clostridiales; f__Ruminococcaceae; g__Ruminococcus; m__ext_mOTU_v31_27225
ext_mOTU_v31_27248	1	3.0	3.0	k__Bacteria; p__Firmicutes; c__Clostridia; o__Clostridiales; f__; g__; m__ext_mOTU_v31_27248
meta_mOTU_v31_12229	1	3.0	3.0	k__Bacteria; p__Firmicutes; c__Clostridia; o__Clostridiales; f__; g__; m__meta_mOTU_v31_12229
meta_mOTU_v31_12662	1	3.0	3.0	k__Bacteria; p__Proteobacteria; c__Gammaproteobacteria; o__Pseudomonadales; f__Moraxellaceae; g__Acinetobacter; m__meta_mOTU_v31_12662
meta_mOTU_v31_13286	1	3.0	3.0	k__Bacteria; p__Bacteroidetes; c__Bacteroidia; o__Bacteroidales; f__; g__; m__meta_mOTU_v31_13286
meta_mOTU_v31_14048	1	3.0	3.0	k__Bacteria; p__Firmicutes; c__Clostridia; o__Clostridiales; f__Ruminococcaceae; g__Faecalibacterium; m__meta_mOTU_v31_14048
meta_mOTU_v31_14385	1	3.0	3.0	k__Bacteria; p__Firmicutes; c__Clostridia; o__Clostridiales; f__; g__; m__meta_mOTU_v31_14385
meta_mOTU_v31_14434	1	3.0	3.0	k__Bacteria; p__Firmicutes; c__Clostridia; o__Clostridiales; f__Ruminococcaceae; g__Anaeromassilibacillus; m__meta_mOTU_v31_14434
ref_mOTU_v31_00282	1	3.0	3.0	k__Bacteria; p__Firmicutes; c__Bacilli; o__Lactobacillales; f__Streptococcaceae; g__Streptococcus; m__ref_mOTU_v31_00282
ref_mOTU_v31_02372	1	3.0	3.0	k__Bacteria; p__Proteobacteria; c__Gammaproteobacteria; o__Pseudomonadales; f__Moraxellaceae; g__Acinetobacter; m__ref_mOTU_v31_02372
ref_mOTU_v31_02970	1	3.0	3.0	k__Bacteria; p__Firmicutes; c__Clostridia; o__Clostridiales; f__; g__; m__ref_mOTU_v31_02970
ref_mOTU_v31_03628	1	3.0	3.0	k__Bacteria; p__; c__; o__; f__; g__; m__ref_mOTU_v31_03628
ref_mOTU_v31_03698	1	3.0	3.0	k__Bacteria; p__Bacteroidetes; c__Bacteroidia; o__Bacteroidales; f__Prevotellaceae; g__Paraprevotella; m__ref_mOTU_v31_03698
ref_mOTU_v31_04396	1	3.0	3.0	k__Bacteria; p__Firmicutes; c__Bacilli; o__Lactobacillales; f__Lactobacillaceae; g__Lactobacillus; m__ref_mOTU_v31_04396
ref_mOTU_v31_06282	1	3.0	3.0	k__Bacteria; p__Proteobacteria; c__Deltaproteobacteria; o__Desulfovibrionales; f__Desulfovibrionaceae; g__Desulfovibrio; m__ref_mOTU_v31_06282
ref_mOTU_v31_10413	1	3.0	3.0	k__Bacteria; p__Firmicutes; c__Clostridia; o__Clostridiales; f__Oscillospiraceae; g__Oscillibacter; m__ref_mOTU_v31_10413
ref_mOTU_v31_11382	1	3.0	3.0	k__Bacteria; p__Firmicutes; c__Erysipelotrichia; o__Erysipelotrichales; f__Erysipelotrichaceae; g__Holdemanella; m__ref_mOTU_v31_11382
ext_mOTU_v31_16253	1	2.0	2.0	k__Bacteria; p__Firmicutes; c__Clostridia; o__Clostridiales; f__; g__; m__ext_mOTU_v31_16253
ext_mOTU_v31_16259	1	2.0	2.0	k__Bacteria; p__Firmicutes; c__Clostridia; o__Clostridiales; f__Ruminococcaceae; g__; m__ext_mOTU_v31_16259
ext_mOTU_v31_16294	1	2.0	2.0	k__Bacteria; p__Firmicutes; c__Clostridia; o__Clostridiales; f__Clostridiaceae; g__Clostridium; m__ext_mOTU_v31_16294
ext_mOTU_v31_16401	1	2.0	2.0	k__Bacteria; p__Firmicutes; c__Clostridia; o__Clostridiales; f__Lachnospiraceae; g__; m__ext_mOTU_v31_16401
ext_mOTU_v31_16495	1	2.0	2.0	k__Bacteria; p__Proteobacteria; c__Deltaproteobacteria; o__Desulfovibrionales; f__Desulfovibrionaceae; g__Desulfovibrio; m__ext_mOTU_v31_16495
ext_mOTU_v31_17451	1	2.0	2.0	k__Bacteria; p__Firmicutes; c__Clostridia; o__Clostridiales; f__Lachnospiraceae; g__Roseburia; m__ext_mOTU_v31_17451
ext_mOTU_v31_17583	1	2.0	2.0	k__Bacteria; p__Firmicutes; c__Clostridia; o__Clostridiales; f__Ruminococcaceae; g__; m__ext_mOTU_v31_17583
ext_mOTU_v31_17712	1	2.0	2.0	k__Bacteria; p__Bacteroidetes; c__Bacteroidia; o__Bacteroidales; f__Bacteroidaceae; g__Bacteroides; m__ext_mOTU_v31_17712
ext_mOTU_v31_17713	1	2.0	2.0	k__Bacteria; p__Bacteroidetes; c__Bacteroidia; o__Bacteroidales; f__Bacteroidaceae; g__Bacteroides; m__ext_mOTU_v31_17713
ext_mOTU_v31_18252	1	2.0	2.0	k__Bacteria; p__Bacteroidetes; c__Bacteroidia; o__Bacteroidales; f__Muribaculaceae; g__; m__ext_mOTU_v31_18252
ext_mOTU_v31_18397	1	2.0	2.0	k__Bacteria; p__Firmicutes; c__Clostridia; o__Clostridiales; f__Ruminococcaceae; g__; m__ext_mOTU_v31_18397
ext_mOTU_v31_26918	1	2.0	2.0	k__Bacteria; p__Firmicutes; c__Clostridia; o__Clostridiales; f__Lachnospiraceae; g__; m__ext_mOTU_v31_26918
ext_mOTU_v31_34556	1	2.0	2.0	k__Bacteria; p__Firmicutes; c__Clostridia; o__Clostridiales; f__; g__; m__ext_mOTU_v31_34556
meta_mOTU_v31_12251	1	2.0	2.0	k__Bacteria; p__Firmicutes; c__Clostridia; o__Clostridiales; f__; g__; m__meta_mOTU_v31_12251
meta_mOTU_v31_12352	1	2.0	2.0	k__Bacteria; p__Firmicutes; c__Clostridia; o__Clostridiales; f__Lachnospiraceae; g__Roseburia; m__meta_mOTU_v31_12352
meta_mOTU_v31_12508	1	2.0	2.0	k__Bacteria; p__Proteobacteria; c__Alphaproteobacteria; o__Rhodospirillales; f__Rhodospirillaceae; g__Azospirillum; m__meta_mOTU_v31_12508
meta_mOTU_v31_12766	1	2.0	2.0	k__Bacteria; p__Firmicutes; c__Clostridia; o__Clostridiales; f__Ruminococcaceae; g__Ruminococcus; m__meta_mOTU_v31_12766
meta_mOTU_v31_12952	1	2.0	2.0	k__Bacteria; p__Firmicutes; c__Clostridia; o__Clostridiales; f__; g__; m__meta_mOTU_v31_12952
meta_mOTU_v31_13006	1	2.0	2.0	k__Bacteria; p__Firmicutes; c__Clostridia; o__Clostridiales; f__; g__; m__meta_mOTU_v31_13006
meta_mOTU_v31_14207	1	2.0	2.0	k__Bacteria; p__Firmicutes; c__Clostridia; o__Clostridiales; f__Clostridiaceae; g__Clostridium; m__meta_mOTU_v31_14207
meta_mOTU_v31_14346	1	2.0	2.0	k__Bacteria; p__Firmicutes; c__Clostridia; o__Clostridiales; f__; g__; m__meta_mOTU_v31_14346
ref_mOTU_v31_00182	1	2.0	2.0	k__Bacteria; p__Proteobacteria; c__Gammaproteobacteria; o__Pseudomonadales; f__Pseudomonadaceae; g__Pseudomonas; m__ref_mOTU_v31_00182
ref_mOTU_v31_00830	1	2.0	2.0	k__Bacteria; p__Proteobacteria; c__Gammaproteobacteria; o__Enterobacterales; f__Yersiniaceae; g__Serratia; m__ref_mOTU_v31_00830
ref_mOTU_v31_01001	1	2.0	2.0	k__Bacteria; p__Fusobacteria; c__Fusobacteriia; o__Fusobacteriales; f__Fusobacteriaceae; g__Fusobacterium; m__ref_mOTU_v31_01001
ref_mOTU_v31_01006	1	2.0	2.0	k__Bacteria; p__Bacteroidetes; c__Bacteroidia; o__Bacteroidales; f__Prevotellaceae; g__Prevotella; m__ref_mOTU_v31_01006
ref_mOTU_v31_01017	1	2.0	2.0	k__Bacteria; p__Bacteroidetes; c__Bacteroidia; o__Bacteroidales; f__Rikenellaceae; g__Alistipes; m__ref_mOTU_v31_01017
ref_mOTU_v31_01949	1	2.0	2.0	k__Bacteria; p__Firmicutes; c__Negativicutes; o__Acidaminococcales; f__Acidaminococcaceae; g__Acidaminococcus; m__ref_mOTU_v31_01949
ref_mOTU_v31_02555	1	2.0	2.0	k__Bacteria; p__Verrucomicrobia; c__Verrucomicrobiae; o__Verrucomicrobiales; f__Akkermansiaceae; g__Akkermansia; m__ref_mOTU_v31_02555
ref_mOTU_v31_02680	1	2.0	2.0	k__Bacteria; p__Firmicutes; c__Clostridia; o__Clostridiales; f__Lachnospiraceae; g__Fusicatenibacter; m__ref_mOTU_v31_02680
ref_mOTU_v31_03116	1	2.0	2.0	k__Bacteria; p__Actinobacteria; c__Actinobacteria; o__Bifidobacteriales; f__Bifidobacteriaceae; g__Bifidobacterium; m__ref_mOTU_v31_03116
ref_mOTU_v31_03618	1	2.0	2.0	k__Bacteria; p__Firmicutes; c__Clostridia; o__Clostridiales; f__Clostridiaceae; g__Clostridium; m__ref_mOTU_v31_03618
ref_mOTU_v31_03658	1	2.0	2.0	k__Bacteria; p__Firmicutes; c__Clostridia; o__Clostridiales; f__Clostridiales fam. [Lachnospiraceae/Ruminococcaceae]; g__Clostridiales gen. [Ruminococcus/Blautia]; m__ref_mOTU_v31_03658
ref_mOTU_v31_03667	1	2.0	2.0	k__Bacteria; p__Bacteroidetes; c__Bacteroidia; o__Bacteroidales; f__Barnesiellaceae; g__Coprobacter; m__ref_mOTU_v31_03667
ref_mOTU_v31_03697	1	2.0	2.0	k__Bacteria; p__Bacteroidetes; c__Bacteroidia; o__Bacteroidales; f__Odoribacteraceae; g__Odoribacter; m__ref_mOTU_v31_03697
ref_mOTU_v31_04030	1	2.0	2.0	k__Bacteria; p__Actinobacteria; c__Actinobacteria; o__Actinomycetales; f__Actinomycetaceae; g__Actinomycetaceae gen. [Actinomyces/Schaalia]; m__ref_mOTU_v31_04030
ref_mOTU_v31_05921	1	2.0	2.0	k__Bacteria; p__Firmicutes; c__Erysipelotrichia; o__Erysipelotrichales; f__Erysipelotrichaceae; g__Holdemania; m__ref_mOTU_v31_05921
ref_mOTU_v31_06308	1	2.0	2.0	k__Bacteria; p__Proteobacteria; c__Deltaproteobacteria; o__Desulfovibrionales; f__Desulfovibrionaceae; g__Desulfovibrio; m__ref_mOTU_v31_06308
ref_mOTU_v31_06317	1	2.0	2.0	k__Bacteria; p__Firmicutes; c__Clostridia; o__Clostridiales; f__Lachnospiraceae; g__Lachnoclostridium; m__ref_mOTU_v31_06317
ref_mOTU_v31_07592	1	2.0	2.0	k__Bacteria; p__Proteobacteria; c__Alphaproteobacteria; o__Rhodospirillales; f__Rhodospirillaceae; g__Azospirillum; m__ref_mOTU_v31_07592
ref_mOTU_v31_07619	1	2.0	2.0	k__Bacteria; p__Firmicutes; c__Clostridia; o__Clostridiales; f__Clostridiaceae; g__Clostridium; m__ref_mOTU_v31_07619
ref_mOTU_v31_08610	1	2.0	2.0	k__Bacteria; p__Firmicutes; c__Erysipelotrichia; o__Erysipelotrichales; f__Erysipelotrichaceae; g__Candidatus Stoquefichus; m__ref_mOTU_v31_08610
ref_mOTU_v31_11823	1	2.0	2.0	k__Bacteria; p__Firmicutes; c__Negativicutes; o__Veillonellales; f__Veillonellaceae; g__Megasphaera; m__ref_mOTU_v31_11823
ref_mOTU_v31_11860	1	2.0	2.0	k__Bacteria; p__Bacteroidetes; c__Bacteroidia; o__Bacteroidales; f__Rikenellaceae; g__Alistipes; m__ref_mOTU_v31_11860
ext_mOTU_v31_15328	1	1.0	1.0	k__Bacteria; p__Firmicutes; c__Clostridia; o__Clostridiales; f__Lachnospiraceae; g__Blautia; m__ext_mOTU_v31_15328
ext_mOTU_v31_15405	1	1.0	1.0	k__Bacteria; p__Firmicutes; c__Clostridia; o__Clostridiales; f__Lachnospiraceae; g__Blautia; m__ext_mOTU_v31_15405
ext_mOTU_v31_16202	1	1.0	1.0	k__Bacteria; p__Actinobacteria; c__Coriobacteriia; o__Coriobacteriales; f__Coriobacteriaceae; g__Collinsella; m__ext_mOTU_v31_16202
ext_mOTU_v31_16237	1	1.0	1.0	k__Bacteria; p__Firmicutes; c__Clostridia; o__Clostridiales; f__; g__; m__ext_mOTU_v31_16237
ext_mOTU_v31_16278	1	1.0	1.0	k__Bacteria; p__Firmicutes; c__Clostridia; o__Clostridiales; f__Ruminococcaceae; g__; m__ext_mOTU_v31_16278
ext_mOTU_v31_16279	1	1.0	1.0	k__Bacteria; p__Firmicutes; c__Clostridia; o__Clostridiales; f__Ruminococcaceae; g__; m__ext_mOTU_v31_16279
ext_mOTU_v31_16303	1	1.0	1.0	k__Bacteria; p__Firmicutes; c__Clostridia; o__Clostridiales; f__Eubacteriaceae; g__Eubacterium; m__ext_mOTU_v31_16303
ext_mOTU_v31_16331	1	1.0	1.0	k__Bacteria; p__Firmicutes; c__Clostridia; o__Clostridiales; f__Ruminococcaceae; g__; m__ext_mOTU_v31_16331
ext_mOTU_v31_16347	1	1.0	1.0	k__Bacteria; p__Firmicutes; c__Clostridia; o__Clostridiales; f__; g__; m__ext_mOTU_v31_16347
ext_mOTU_v31_16412	1	1.0	1.0	k__Bacteria; p__Firmicutes; c__Clostridia; o__Clostridiales; f__Oscillospiraceae; g__Oscillibacter; m__ext_mOTU_v31_16412
ext_mOTU_v31_16503	1	1.0	1.0	k__Bacteria; p__Firmicutes; c__Clostridia; o__Clostridiales; f__Clostridiaceae; g__Clostridium; m__ext_mOTU_v31_16503
ext_mOTU_v31_17396	1	1.0	1.0	k__Bacteria; p__Firmicutes; c__Clostridia; o__Clostridiales; f__Ruminococcaceae; g__Flavonifractor; m__ext_mOTU_v31_17396
ext_mOTU_v31_17400	1	1.0	1.0	k__Bacteria; p__Firmicutes; c__Clostridia; o__Clostridiales; f__Lachnospiraceae; g__; m__ext_mOTU_v31_17400
ext_mOTU_v31_17476	1	1.0	1.0	k__Bacteria; p__Firmicutes; c__Clostridia; o__Clostridiales; f__Lachnospiraceae; g__Roseburia; m__ext_mOTU_v31_17476
ext_mOTU_v31_17496	1	1.0	1.0	k__Bacteria; p__Firmicutes; c__Clostridia; o__Clostridiales; f__Ruminococcaceae; g__; m__ext_mOTU_v31_17496
ext_mOTU_v31_17714	1	1.0	1.0	k__Bacteria; p__Bacteroidetes; c__Bacteroidia; o__Bacteroidales; f__Bacteroidaceae; g__Bacteroides; m__ext_mOTU_v31_17714
ext_mOTU_v31_17729	1	1.0	1.0	k__Bacteria; p__Proteobacteria; c__Betaproteobacteria; o__Burkholderiales; f__Oxalobacteraceae; g__; m__ext_mOTU_v31_17729
ext_mOTU_v31_17787	1	1.0	1.0	k__Bacteria; p__Proteobacteria; c__Betaproteobacteria; o__Burkholderiales; f__Sutterellaceae; g__; m__ext_mOTU_v31_17787
ext_mOTU_v31_17843	1	1.0	1.0	k__Bacteria; p__Firmicutes; c__Clostridia; o__Clostridiales; f__Lachnospiraceae; g__; m__ext_mOTU_v31_17843
ext_mOTU_v31_17915	1	1.0	1.0	k__Bacteria; p__Firmicutes; c__Negativicutes; o__Veillonellales; f__Veillonellaceae; g__Veillonella; m__ext_mOTU_v31_17915
ext_mOTU_v31_17985	1	1.0	1.0	k__Bacteria; p__Firmicutes; c__Clostridia; o__Clostridiales; f__Ruminococcaceae; g__; m__ext_mOTU_v31_17985
ext_mOTU_v31_18001	1	1.0	1.0	k__Bacteria; p__Firmicutes; c__Clostridia; o__Clostridiales; f__Clostridiaceae; g__Clostridium; m__ext_mOTU_v31_18001
ext_mOTU_v31_18008	1	1.0	1.0	k__Bacteria; p__Firmicutes; c__Clostridia; o__Clostridiales; f__; g__; m__ext_mOTU_v31_18008
ext_mOTU_v31_18155	1	1.0	1.0	k__Bacteria; p__Bacteroidetes; c__Bacteroidia; o__Bacteroidales; f__Bacteroidaceae; g__Bacteroides; m__ext_mOTU_v31_18155
ext_mOTU_v31_18178	1	1.0	1.0	k__Bacteria; p__Firmicutes; c__Clostridia; o__Clostridiales; f__Ruminococcaceae; g__; m__ext_mOTU_v31_18178
ext_mOTU_v31_18249	1	1.0	1.0	k__Bacteria; p__Firmicutes; c__Clostridia; o__Clostridiales; f__Clostridiaceae; g__Clostridium; m__ext_mOTU_v31_18249
ext_mOTU_v31_19618	1	1.0	1.0	k__Bacteria; p__Firmicutes; c__Clostridia; o__Clostridiales; f__; g__; m__ext_mOTU_v31_19618
ext_mOTU_v31_25009	1	1.0	1.0	k__Bacteria; p__Firmicutes; c__Clostridia; o__Clostridiales; f__Lachnospiraceae; g__Blautia; m__ext_mOTU_v31_25009
ext_mOTU_v31_26815	1	1.0	1.0	k__Bacteria; p__Bacteroidetes; c__Bacteroidia; o__Bacteroidales; f__Tannerellaceae; g__Parabacteroides; m__ext_mOTU_v31_26815
ext_mOTU_v31_27106	1	1.0	1.0	k__Bacteria; p__Firmicutes; c__Clostridia; o__Clostridiales; f__; g__; m__ext_mOTU_v31_27106
ext_mOTU_v31_27183	1	1.0	1.0	k__Bacteria; p__Actinobacteria; c__Coriobacteriia; o__Coriobacteriales; f__Coriobacteriaceae; g__Collinsella; m__ext_mOTU_v31_27183
ext_mOTU_v31_27192	1	1.0	1.0	k__Bacteria; p__Bacteroidetes; c__Bacteroidia; o__Bacteroidales; f__Bacteroidaceae; g__Bacteroides; m__ext_mOTU_v31_27192
ext_mOTU_v31_27443	1	1.0	1.0	k__Bacteria; p__Bacteroidetes; c__Bacteroidia; o__Bacteroidales; f__Porphyromonadaceae; g__Porphyromonas; m__ext_mOTU_v31_27443
ext_mOTU_v31_33921	1	1.0	1.0	k__Bacteria; p__Firmicutes; c__Clostridia; o__Clostridiales; f__Ruminococcaceae; g__; m__ext_mOTU_v31_33921
meta_mOTU_v31_12239	1	1.0	1.0	k__Bacteria; p__Firmicutes; c__Clostridia; o__Clostridiales; f__Ruminococcaceae; g__; m__meta_mOTU_v31_12239
meta_mOTU_v31_12252	1	1.0	1.0	k__Bacteria; p__Firmicutes; c__Clostridia; o__Clostridiales; f__; g__; m__meta_mOTU_v31_12252
meta_mOTU_v31_12260	1	1.0	1.0	k__Bacteria; p__Firmicutes; c__Clostridia; o__Clostridiales; f__Eubacteriaceae; g__Eubacterium; m__meta_mOTU_v31_12260
meta_mOTU_v31_12336	1	1.0	1.0	k__Bacteria; p__Firmicutes; c__Clostridia; o__Clostridiales; f__Clostridiaceae; g__Butyricicoccus; m__meta_mOTU_v31_12336
meta_mOTU_v31_12361	1	1.0	1.0	k__Bacteria; p__Firmicutes; c__Clostridia; o__Clostridiales; f__; g__; m__meta_mOTU_v31_12361
meta_mOTU_v31_12362	1	1.0	1.0	k__Bacteria; p__Firmicutes; c__Clostridia; o__Clostridiales; f__Ruminococcaceae; g__Ruminococcus; m__meta_mOTU_v31_12362
meta_mOTU_v31_12445	1	1.0	1.0	k__Bacteria; p__Firmicutes; c__Clostridia; o__Clostridiales; f__; g__; m__meta_mOTU_v31_12445
meta_mOTU_v31_12470	1	1.0	1.0	k__Bacteria; p__Firmicutes; c__Clostridia; o__Clostridiales; f__; g__; m__meta_mOTU_v31_12470
meta_mOTU_v31_12521	1	1.0	1.0	k__Bacteria; p__Firmicutes; c__Clostridia; o__Clostridiales; f__; g__; m__meta_mOTU_v31_12521
meta_mOTU_v31_12556	1	1.0	1.0	k__Bacteria; p__Firmicutes; c__Clostridia; o__Clostridiales; f__; g__; m__meta_mOTU_v31_12556
meta_mOTU_v31_12570	1	1.0	1.0	k__Bacteria; p__Proteobacteria; c__Gammaproteobacteria; o__Enterobacterales; f__; g__; m__meta_mOTU_v31_12570
meta_mOTU_v31_12614	1	1.0	1.0	k__Bacteria; p__Firmicutes; c__Clostridia; o__Clostridiales; f__; g__; m__meta_mOTU_v31_12614
meta_mOTU_v31_12631	1	1.0	1.0	k__Bacteria; p__Firmicutes; c__Clostridia; o__Clostridiales; f__; g__; m__meta_mOTU_v31_12631
meta_mOTU_v31_12640	1	1.0	1.0	k__Bacteria; p__Firmicutes; c__Clostridia; o__Clostridiales; f__Clostridiaceae; g__Clostridium; m__meta_mOTU_v31_12640
meta_mOTU_v31_12641	1	1.0	1.0	k__Bacteria; p__Firmicutes; c__Clostridia; o__Clostridiales; f__Clostridiaceae; g__Clostridium; m__meta_mOTU_v31_12641
meta_mOTU_v31_12701	1	1.0	1.0	k__Bacteria; p__Bacteroidetes; c__Bacteroidia; o__Bacteroidales; f__; g__; m__meta_mOTU_v31_12701
meta_mOTU_v31_12755	1	1.0	1.0	k__Bacteria; p__Firmicutes; c__Clostridia; o__Clostridiales; f__; g__; m__meta_mOTU_v31_12755
meta_mOTU_v31_12775	1	1.0	1.0	k__Bacteria; p__Bacteroidetes; c__Bacteroidia; o__Bacteroidales; f__; g__; m__meta_mOTU_v31_12775
meta_mOTU_v31_12852	1	1.0	1.0	k__Bacteria; p__Firmicutes; c__Clostridia; o__Clostridiales; f__Lachnospiraceae; g__Roseburia; m__meta_mOTU_v31_12852
meta_mOTU_v31_12873	1	1.0	1.0	k__Bacteria; p__Firmicutes; c__Clostridia; o__Clostridiales; f__; g__; m__meta_mOTU_v31_12873
meta_mOTU_v31_12923	1	1.0	1.0	k__Bacteria; p__Firmicutes; c__; o__; f__; g__; m__meta_mOTU_v31_12923
meta_mOTU_v31_12983	1	1.0	1.0	k__Bacteria; p__Firmicutes; c__Clostridia; o__Clostridiales; f__Clostridiaceae; g__; m__meta_mOTU_v31_12983
meta_mOTU_v31_13140	1	1.0	1.0	k__Bacteria; p__Firmicutes; c__Clostridia; o__Clostridiales; f__; g__; m__meta_mOTU_v31_13140
meta_mOTU_v31_13196	1	1.0	1.0	k__Bacteria; p__Firmicutes; c__Clostridia; o__Clostridiales; f__Eubacteriaceae; g__Eubacterium; m__meta_mOTU_v31_13196
meta_mOTU_v31_13392	1	1.0	1.0	k__Bacteria; p__Firmicutes; c__Clostridia; o__Clostridiales; f__; g__; m__meta_mOTU_v31_13392
meta_mOTU_v31_13572	1	1.0	1.0	k__Bacteria; p__Firmicutes; c__Clostridia; o__Clostridiales; f__; g__; m__meta_mOTU_v31_13572
meta_mOTU_v31_13819	1	1.0	1.0	k__Bacteria; p__Firmicutes; c__Clostridia; o__Clostridiales; f__; g__; m__meta_mOTU_v31_13819
meta_mOTU_v31_13829	1	1.0	1.0	k__Bacteria; p__Firmicutes; c__Negativicutes; o__Selenomonadales; f__; g__; m__meta_mOTU_v31_13829
meta_mOTU_v31_13858	1	1.0	1.0	k__Bacteria; p__Firmicutes; c__Clostridia; o__Clostridiales; f__Clostridiaceae; g__Clostridium; m__meta_mOTU_v31_13858
meta_mOTU_v31_13874	1	1.0	1.0	k__Bacteria; p__Bacteroidetes; c__Bacteroidia; o__Bacteroidales; f__Odoribacteraceae; g__; m__meta_mOTU_v31_13874
meta_mOTU_v31_13923	1	1.0	1.0	k__Bacteria; p__Firmicutes; c__Clostridia; o__Clostridiales; f__; g__; m__meta_mOTU_v31_13923
meta_mOTU_v31_14015	1	1.0	1.0	k__Bacteria; p__Firmicutes; c__Clostridia; o__Clostridiales; f__; g__; m__meta_mOTU_v31_14015
meta_mOTU_v31_14383	1	1.0	1.0	k__Bacteria; p__Bacteroidetes; c__Bacteroidia; o__Bacteroidales; f__Porphyromonadaceae; g__Porphyromonas; m__meta_mOTU_v31_14383
ref_mOTU_v31_00301	1	1.0	1.0	k__Bacteria; p__Firmicutes; c__Bacilli; o__Lactobacillales; f__Streptococcaceae; g__Streptococcus; m__ref_mOTU_v31_00301
ref_mOTU_v31_00321	1	1.0	1.0	k__Bacteria; p__Firmicutes; c__Bacilli; o__Lactobacillales; f__Enterococcaceae; g__Enterococcus; m__ref_mOTU_v31_00321
ref_mOTU_v31_00322	1	1.0	1.0	k__Bacteria; p__Firmicutes; c__Bacilli; o__Lactobacillales; f__Enterococcaceae; g__Enterococcus; m__ref_mOTU_v31_00322
ref_mOTU_v31_00719	1	1.0	1.0	k__Bacteria; p__Actinobacteria; c__Coriobacteriia; o__Eggerthellales; f__Eggerthellaceae; g__Eggerthella; m__ref_mOTU_v31_00719
ref_mOTU_v31_00721	1	1.0	1.0	k__Bacteria; p__Firmicutes; c__Clostridia; o__Clostridiales; f__Peptostreptococcaceae; g__Clostridioides; m__ref_mOTU_v31_00721
ref_mOTU_v31_00856	1	1.0	1.0	k__Bacteria; p__Firmicutes; c__Clostridia; o__Clostridiales; f__Lachnospiraceae; g__Anaerostipes; m__ref_mOTU_v31_00856
ref_mOTU_v31_00859	1	1.0	1.0	k__Bacteria; p__Firmicutes; c__Clostridia; o__Clostridiales; f__Lachnospiraceae; g__Roseburia; m__ref_mOTU_v31_00859
ref_mOTU_v31_01014	1	1.0	1.0	k__Bacteria; p__Bacteroidetes; c__Bacteroidia; o__Bacteroidales; f__Rikenellaceae; g__Alistipes; m__ref_mOTU_v31_01014
ref_mOTU_v31_01061	1	1.0	1.0	k__Bacteria; p__Firmicutes; c__Erysipelotrichia; o__Erysipelotrichales; f__Erysipelotrichaceae; g__Dielma; m__ref_mOTU_v31_01061
ref_mOTU_v31_01595	1	1.0	1.0	k__Bacteria; p__Firmicutes; c__Clostridia; o__Clostridiales; f__Ruminococcaceae; g__Ruminococcus; m__ref_mOTU_v31_01595
ref_mOTU_v31_01958	1	1.0	1.0	k__Bacteria; p__Actinobacteria; c__Coriobacteriia; o__Eggerthellales; f__Eggerthellaceae; g__Slackia; m__ref_mOTU_v31_01958
ref_mOTU_v31_02114	1	1.0	1.0	k__Bacteria; p__Actinobacteria; c__Actinobacteria; o__Bifidobacteriales; f__Bifidobacteriaceae; g__Alloscardovia; m__ref_mOTU_v31_02114
ref_mOTU_v31_02158	1	1.0	1.0	k__Bacteria; p__Firmicutes; c__Clostridia; o__Clostridiales; f__Clostridiaceae; g__Butyricicoccus; m__ref_mOTU_v31_02158
ref_mOTU_v31_02161	1	1.0	1.0	k__Bacteria; p__Bacteroidetes; c__Bacteroidia; o__Bacteroidales; f__Odoribacteraceae; g__Butyricimonas; m__ref_mOTU_v31_02161
ref_mOTU_v31_02373	1	1.0	1.0	k__Bacteria; p__Firmicutes; c__Clostridia; o__Clostridiales; f__Eubacteriaceae; g__Eubacterium; m__ref_mOTU_v31_02373
ref_mOTU_v31_02384	1	1.0	1.0	k__Bacteria; p__Bacteroidetes; c__Bacteroidia; o__Bacteroidales; f__Porphyromonadaceae; g__Porphyromonas; m__ref_mOTU_v31_02384
ref_mOTU_v31_02391	1	1.0	1.0	k__Bacteria; p__Bacteroidetes; c__Bacteroidia; o__Bacteroidales; f__Prevotellaceae; g__Prevotella; m__ref_mOTU_v31_02391
ref_mOTU_v31_02700	1	1.0	1.0	k__Bacteria; p__Actinobacteria; c__Actinobacteria; o__Bifidobacteriales; f__Bifidobacteriaceae; g__Bifidobacterium; m__ref_mOTU_v31_02700
ref_mOTU_v31_02703	1	1.0	1.0	k__Bacteria; p__Actinobacteria; c__Actinobacteria; o__Bifidobacteriales; f__Bifidobacteriaceae; g__Bifidobacterium; m__ref_mOTU_v31_02703
ref_mOTU_v31_02743	1	1.0	1.0	k__Bacteria; p__Firmicutes; c__Firmicutes class [Clostridia/Erysipelotrichia]; o__Firmicutes order [Clostridiales/Erysipelotrichales]; f__Firmicutes fam. [Erysipelotrichaceae/Peptostreptococcaceae]; g__Firmicutes gen. [Erysipelatoclostridium/Clostridioides]; m__ref_mOTU_v31_02743
ref_mOTU_v31_02809	1	1.0	1.0	k__Bacteria; p__Bacteroidetes; c__Bacteroidia; o__Bacteroidales; f__Bacteroidaceae; g__Bacteroides; m__ref_mOTU_v31_02809
ref_mOTU_v31_03446	1	1.0	1.0	k__Bacteria; p__Firmicutes; c__Clostridia; o__Clostridiales; f__Lachnospiraceae; g__Eisenbergiella; m__ref_mOTU_v31_03446
ref_mOTU_v31_03476	1	1.0	1.0	k__Bacteria; p__Bacteroidetes; c__Bacteroidia; o__Bacteroidales; f__Bacteroidaceae; g__Bacteroides; m__ref_mOTU_v31_03476
ref_mOTU_v31_03597	1	1.0	1.0	k__Bacteria; p__Firmicutes; c__Clostridia; o__Clostridiales; f__Lachnospiraceae; g__Blautia; m__ref_mOTU_v31_03597
ref_mOTU_v31_03621	1	1.0	1.0	k__Bacteria; p__Firmicutes; c__Clostridia; o__Clostridiales; f__Clostridiaceae; g__Clostridium; m__ref_mOTU_v31_03621
ref_mOTU_v31_03650	1	1.0	1.0	k__Bacteria; p__Firmicutes; c__Clostridia; o__Clostridiales; f__Lachnospiraceae; g__Roseburia; m__ref_mOTU_v31_03650
ref_mOTU_v31_03662	1	1.0	1.0	k__Bacteria; p__Firmicutes; c__Clostridia; o__Clostridiales; f__Lachnospiraceae; g__Blautia; m__ref_mOTU_v31_03662
ref_mOTU_v31_03670	1	1.0	1.0	k__Bacteria; p__Firmicutes; c__Clostridia; o__Clostridiales; f__Lachnospiraceae; g__Blautia; m__ref_mOTU_v31_03670
ref_mOTU_v31_03672	1	1.0	1.0	k__Bacteria; p__Firmicutes; c__Clostridia; o__Clostridiales; f__Lachnospiraceae; g__Lachnoclostridium; m__ref_mOTU_v31_03672
ref_mOTU_v31_03681	1	1.0	1.0	k__Bacteria; p__Firmicutes; c__Clostridia; o__Clostridiales; f__Ruminococcaceae; g__Ruminococcus; m__ref_mOTU_v31_03681
ref_mOTU_v31_03689	1	1.0	1.0	k__Bacteria; p__Firmicutes; c__Clostridia; o__Clostridiales; f__Lachnospiraceae; g__Tyzzerella; m__ref_mOTU_v31_03689
ref_mOTU_v31_03702	1	1.0	1.0	k__Bacteria; p__Firmicutes; c__Clostridia; o__Clostridiales; f__Lachnospiraceae; g__Roseburia; m__ref_mOTU_v31_03702
ref_mOTU_v31_03901	1	1.0	1.0	k__Bacteria; p__Proteobacteria; c__Alphaproteobacteria; o__Caulobacterales; f__Caulobacteraceae; g__Caulobacter; m__ref_mOTU_v31_03901
ref_mOTU_v31_04085	1	1.0	1.0	k__Bacteria; p__Firmicutes; c__Bacilli; o__Lactobacillales; f__Lactobacillaceae; g__Lactobacillus; m__ref_mOTU_v31_04085
ref_mOTU_v31_04535	1	1.0	1.0	k__Bacteria; p__Actinobacteria; c__Actinobacteria; o__Corynebacteriales; f__Corynebacteriaceae; g__Corynebacterium; m__ref_mOTU_v31_04535
ref_mOTU_v31_04652	1	1.0	1.0	k__Bacteria; p__Firmicutes; c__Clostridia; o__Clostridiales; f__Lachnospiraceae; g__Lachnoclostridium; m__ref_mOTU_v31_04652
ref_mOTU_v31_05236	1	1.0	1.0	k__Bacteria; p__Firmicutes; c__Clostridia; o__Clostridiales; f__Ruminococcaceae; g__Phocea; m__ref_mOTU_v31_05236
ref_mOTU_v31_06131	1	1.0	1.0	k__Bacteria; p__Tenericutes; c__Mollicutes; o__Mycoplasmatales; f__Mycoplasmataceae; g__Ureaplasma; m__ref_mOTU_v31_06131
ref_mOTU_v31_06307	1	1.0	1.0	k__Bacteria; p__Actinobacteria; c__Coriobacteriia; o__Coriobacteriales; f__Coriobacteriaceae; g__Collinsella; m__ref_mOTU_v31_06307
ref_mOTU_v31_07613	1	1.0	1.0	k__Bacteria; p__Firmicutes; c__Clostridia; o__Clostridiales; f__Clostridiaceae; g__Clostridium; m__ref_mOTU_v31_07613
ref_mOTU_v31_07664	1	1.0	1.0	k__Bacteria; p__Actinobacteria; c__Coriobacteriia; o__Eggerthellales; f__Eggerthellaceae; g__Cryptobacterium; m__ref_mOTU_v31_07664
ref_mOTU_v31_07668	1	1.0	1.0	k__Bacteria; p__Firmicutes; c__Clostridia; o__Clostridiales; f__Lachnospiraceae; g__Dorea; m__ref_mOTU_v31_07668
ref_mOTU_v31_07679	1	1.0	1.0	k__Bacteria; p__Firmicutes; c__Clostridia; o__Clostridiales; f__Eubacteriaceae; g__Eubacterium; m__ref_mOTU_v31_07679
ref_mOTU_v31_07726	1	1.0	1.0	k__Bacteria; p__Firmicutes; c__; o__; f__; g__; m__ref_mOTU_v31_07726
ref_mOTU_v31_11181	1	1.0	1.0	k__Bacteria; p__Firmicutes; c__Erysipelotrichia; o__Erysipelotrichales; f__Erysipelotrichaceae; g__Erysipelatoclostridium; m__ref_mOTU_v31_11181
ref_mOTU_v31_11279	1	1.0	1.0	k__Bacteria; p__Bacteroidetes; c__Bacteroidia; o__Bacteroidales; f__Bacteroidaceae; g__Bacteroides; m__ref_mOTU_v31_11279
ref_mOTU_v31_11862	1	1.0	1.0	k__Bacteria; p__Actinobacteria; c__Coriobacteriia; o__Coriobacteriales; f__Coriobacteriaceae; g__Collinsella; m__ref_mOTU_v31_11862
